,datetime,epoch_time,value,compensation
0,2024-08-01 11:00:00,1722510000000,190113.0066,0.0
1,2024-08-01 12:00:00,1722513600000,190129.50135,0.0
2,2024-08-01 13:00:00,1722517200000,190145.00425,0.0
3,2024-08-01 14:00:00,1722520800000,190160.99550000002,0.0
4,2024-08-01 15:00:00,1722524400000,190176.4984,0.0
5,2024-08-01 16:00:00,1722528000000,190192.00135,0.0
6,2024-08-01 17:00:00,1722531600000,190207.00074999998,0.0
7,2024-08-01 18:00:00,1722535200000,190218.99414999998,0.0
8,2024-08-01 19:00:00,1722538800000,190230.49925000002,0.0
9,2024-08-01 20:00:00,1722542400000,190241.50084999998,0.0
10,2024-08-01 21:00:00,1722546000000,190253.006,0.0
11,2024-08-01 22:00:00,1722549600000,190264.00755,0.0
12,2024-08-01 23:00:00,1722553200000,190276.00100000002,0.0
13,2024-08-02 00:00:00,1722556800000,190287.5061,0.0
14,2024-08-02 01:00:00,1722560400000,190299.4995,0.0
15,2024-08-02 02:00:00,1722564000000,190311.00465,0.0
16,2024-08-02 03:00:00,1722567600000,190322.4945,0.0
17,2024-08-02 04:00:00,1722571200000,190333.4961,0.0
18,2024-08-02 05:00:00,1722574800000,190345.99305,0.0
19,2024-08-02 06:00:00,1722578400000,190358.50525000002,0.0
20,2024-08-02 07:00:00,1722582000000,190370.49865,0.0
21,2024-08-02 08:00:00,1722585600000,190382.0038,0.0
22,2024-08-02 09:00:00,1722589200000,190395.49255,0.0
23,2024-08-02 10:00:00,1722592800000,190408.99659999998,0.0
24,2024-08-02 11:00:00,1722596400000,190421.49355,0.0
25,2024-08-02 12:00:00,1722600000000,190433.5022,0.0
26,2024-08-02 13:00:00,1722603600000,190445.99915000002,0.0
27,2024-08-02 14:00:00,1722607200000,190458.99965,0.0
28,2024-08-02 15:00:00,1722610800000,190473.00720000002,0.0
29,2024-08-02 16:00:00,1722614400000,190485.50415,0.0
30,2024-08-02 17:00:00,1722618000000,190498.00110000002,0.0
31,2024-08-02 18:00:00,1722621600000,190512.49695,0.0
32,2024-08-02 19:00:00,1722625200000,190525.49745,0.0
33,2024-08-02 20:00:00,1722628800000,190539.00145,0.0
34,2024-08-02 21:00:00,1722632400000,190552.5055,0.0
35,2024-08-02 22:00:00,1722636000000,190566.4978,0.0
36,2024-08-02 23:00:00,1722639600000,190580.00185,0.0
37,2024-08-03 00:00:00,1722643200000,190593.99414999998,0.0
38,2024-08-03 01:00:00,1722646800000,190608.0017,0.0
39,2024-08-03 02:00:00,1722650400000,190622.49755,0.0
40,2024-08-03 03:00:00,1722654000000,190635.49805,0.0
41,2024-08-03 04:00:00,1722657600000,190651.50449999998,0.0
42,2024-08-03 05:00:00,1722661200000,190667.99925000002,0.0
43,2024-08-03 06:00:00,1722664800000,190684.494,0.0
44,2024-08-03 07:00:00,1722668400000,190705.50535000002,0.0
45,2024-08-03 08:00:00,1722672000000,190725.99790000002,0.0
46,2024-08-03 09:00:00,1722675600000,190748.00110000002,0.0
47,2024-08-03 10:00:00,1722679200000,190768.49365000002,0.0
48,2024-08-03 11:00:00,1722682800000,190789.00145,0.0
49,2024-08-03 12:00:00,1722686400000,190809.99755,0.0
50,2024-08-03 13:00:00,1722690000000,190832.00074999998,0.0
51,2024-08-03 14:00:00,1722693600000,190852.99685000003,0.0
52,2024-08-03 15:00:00,1722697200000,190873.99289999998,0.0
53,2024-08-03 16:00:00,1722700800000,190891.9983,0.0
54,2024-08-03 17:00:00,1722704400000,190910.50720000002,0.0
55,2024-08-03 18:00:00,1722708000000,190927.00195,0.0
56,2024-08-03 19:00:00,1722711600000,190940.99425,0.0
57,2024-08-03 20:00:00,1722715200000,190955.50535000002,0.0
58,2024-08-03 21:00:00,1722718800000,190970.0012,0.0
59,2024-08-03 22:00:00,1722722400000,190983.99355,0.0
60,2024-08-03 23:00:00,1722726000000,190998.99289999998,0.0
61,2024-08-04 00:00:00,1722729600000,191014.49585,0.0
62,2024-08-04 01:00:00,1722733200000,191029.9988,0.0
63,2024-08-04 02:00:00,1722736800000,191047.5006,0.0
64,2024-08-04 03:00:00,1722740400000,191065.99425,0.0
65,2024-08-04 04:00:00,1722744000000,191085.495,0.0
66,2024-08-04 05:00:00,1722747600000,191110.99245,0.0
67,2024-08-04 06:00:00,1722751200000,191136.50515,0.0
68,2024-08-04 07:00:00,1722754800000,191158.99659999998,0.0
69,2024-08-04 08:00:00,1722758400000,191185.50110000002,0.0
70,2024-08-04 09:00:00,1722762000000,191214.49279999998,0.0
71,2024-08-04 10:00:00,1722765600000,191240.99730000002,0.0
72,2024-08-04 11:00:00,1722769200000,191268.49365000002,0.0
73,2024-08-04 12:00:00,1722772800000,191295.5017,0.0
74,2024-08-04 13:00:00,1722776400000,191326.99585,0.0
75,2024-08-04 14:00:00,1722780000000,191356.99464999998,0.0
76,2024-08-04 15:00:00,1722783600000,191381.50024999998,0.0
77,2024-08-04 16:00:00,1722787200000,191404.9988,0.0
78,2024-08-04 17:00:00,1722790800000,191427.99375000002,0.0
79,2024-08-04 18:00:00,1722794400000,191447.99805,0.0
80,2024-08-04 19:00:00,1722798000000,191462.4939,0.0
81,2024-08-04 20:00:00,1722801600000,191476.50145,0.0
82,2024-08-04 21:00:00,1722805200000,191490.49375000002,0.0
83,2024-08-04 22:00:00,1722808800000,191505.0049,0.0
84,2024-08-04 23:00:00,1722812400000,191518.9972,0.0
85,2024-08-05 00:00:00,1722816000000,191532.5012,0.0
86,2024-08-05 01:00:00,1722819600000,191546.99704999998,0.0
87,2024-08-05 02:00:00,1722823200000,191561.99645,0.0
88,2024-08-05 03:00:00,1722826800000,191578.00295000002,0.0
89,2024-08-05 04:00:00,1722830400000,191600.0061,0.0
90,2024-08-05 05:00:00,1722834000000,191623.50465,0.0
91,2024-08-05 06:00:00,1722837600000,191646.49965,0.0
92,2024-08-05 07:00:00,1722841200000,191671.49355,0.0
93,2024-08-05 08:00:00,1722844800000,191695.99915000002,0.0
94,2024-08-05 09:00:00,1722848400000,191725.0061,0.0
95,2024-08-05 10:00:00,1722852000000,191757.0038,0.0
96,2024-08-05 11:00:00,1722855600000,191788.49790000002,0.0
97,2024-08-05 12:00:00,1722859200000,191818.4967,0.0
98,2024-08-05 13:00:00,1722862800000,191847.50365,0.0
99,2024-08-05 14:00:00,1722866400000,191876.00710000002,0.0
100,2024-08-05 15:00:00,1722870000000,191902.9999,0.0
101,2024-08-05 16:00:00,1722873600000,191930.99975000002,0.0
102,2024-08-05 17:00:00,1722877200000,191956.4972,0.0
103,2024-08-05 18:00:00,1722880800000,191966.99525,0.0
104,2024-08-06 08:00:00,1722931200000,192241.50084999998,0.0
105,2024-08-06 09:00:00,1722934800000,192272.5067,0.0
106,2024-08-06 10:00:00,1722938400000,192304.00084999998,0.0
107,2024-08-06 11:00:00,1722942000000,192333.4961,0.0
108,2024-08-06 12:00:00,1722945600000,192363.49485,0.0
109,2024-08-06 13:00:00,1722949200000,192391.9983,0.0
110,2024-08-06 14:00:00,1722952800000,192419.00634999998,0.0
111,2024-08-06 15:00:00,1722956400000,192445.0073,0.0
112,2024-08-06 16:00:00,1722960000000,192470.99305,0.0
113,2024-08-06 17:00:00,1722963600000,192491.50084999998,0.0
114,2024-08-06 18:00:00,1722967200000,192507.9956,0.0
115,2024-08-06 19:00:00,1722970800000,192522.995,0.0
116,2024-08-06 20:00:00,1722974400000,192537.00255,0.0
117,2024-08-06 21:00:00,1722978000000,192550.99485,0.0
118,2024-08-06 22:00:00,1722981600000,192564.49889999998,0.0
119,2024-08-06 23:00:00,1722985200000,192578.50645,0.0
120,2024-08-07 00:00:00,1722988800000,192592.4988,0.0
121,2024-08-07 01:00:00,1722992400000,192606.50634999998,0.0
122,2024-08-07 02:00:00,1722996000000,192621.0022,0.0
123,2024-08-07 03:00:00,1722999600000,192634.50624999998,0.0
124,2024-08-07 04:00:00,1723003200000,192649.5056,0.0
125,2024-08-07 05:00:00,1723006800000,192665.49685000003,0.0
126,2024-08-07 06:00:00,1723010400000,192680.4962,0.0
127,2024-08-07 07:00:00,1723014000000,192698.5016,0.0
128,2024-08-07 08:00:00,1723017600000,192718.50585000002,0.0
129,2024-08-07 09:00:00,1723021200000,192737.50305,0.0
130,2024-08-07 10:00:00,1723024800000,192755.9967,0.0
131,2024-08-07 11:00:00,1723028400000,192774.00209999998,0.0
132,2024-08-07 12:00:00,1723032000000,192792.99925000002,0.0
133,2024-08-07 13:00:00,1723035600000,192811.99645,0.0
134,2024-08-07 14:00:00,1723039200000,192831.4972,0.0
135,2024-08-07 15:00:00,1723042800000,192852.005,0.0
136,2024-08-07 16:00:00,1723046400000,192870.49865,0.0
137,2024-08-07 17:00:00,1723050000000,192885.49805,0.0
138,2024-08-07 18:00:00,1723053600000,192899.9939,0.0
139,2024-08-07 19:00:00,1723057200000,192914.505,0.0
140,2024-08-07 20:00:00,1723060800000,192927.99375000002,0.0
141,2024-08-07 21:00:00,1723064400000,192942.5049,0.0
142,2024-08-07 22:00:00,1723068000000,192956.4972,0.0
143,2024-08-07 23:00:00,1723071600000,192970.50475,0.0
144,2024-08-08 00:00:00,1723075200000,192984.49704999998,0.0
145,2024-08-08 01:00:00,1723078800000,192999.49645,0.0
146,2024-08-08 02:00:00,1723082400000,193014.49585,0.0
147,2024-08-08 03:00:00,1723086000000,193028.50340000002,0.0
148,2024-08-08 04:00:00,1723089600000,193041.00035,0.0
149,2024-08-08 05:00:00,1723093200000,193054.9927,0.0
150,2024-08-08 06:00:00,1723096800000,193069.00024999998,0.0
151,2024-08-08 07:00:00,1723100400000,193082.00074999998,0.0
152,2024-08-08 08:00:00,1723104000000,193093.99414999998,0.0
153,2024-08-08 09:00:00,1723107600000,193106.50634999998,0.0
154,2024-08-08 10:00:00,1723111200000,193121.0022,0.0
155,2024-08-08 11:00:00,1723114800000,193135.49805,0.0
156,2024-08-08 12:00:00,1723118400000,193152.9999,0.0
157,2024-08-08 13:00:00,1723122000000,193169.99815,0.0
158,2024-08-08 14:00:00,1723125600000,193186.99645,0.0
159,2024-08-08 15:00:00,1723129200000,193204.4983,0.0
160,2024-08-08 16:00:00,1723132800000,193222.0001,0.0
161,2024-08-08 17:00:00,1723136400000,193238.49485,0.0
162,2024-08-08 18:00:00,1723140000000,193253.006,0.0
163,2024-08-08 19:00:00,1723143600000,193264.9994,0.0
164,2024-08-08 20:00:00,1723147200000,193276.99279999998,0.0
165,2024-08-08 21:00:00,1723150800000,193288.49790000002,0.0
166,2024-08-08 22:00:00,1723154400000,193300.5066,0.0
167,2024-08-08 23:00:00,1723158000000,193311.99645,0.0
168,2024-08-09 00:00:00,1723161600000,193322.99805,0.0
169,2024-08-09 01:00:00,1723165200000,193333.99965,0.0
170,2024-08-09 02:00:00,1723168800000,193345.50475,0.0
171,2024-08-09 03:00:00,1723172400000,193356.50634999998,0.0
172,2024-08-09 04:00:00,1723176000000,193367.4927,0.0
173,2024-08-09 05:00:00,1723179600000,193378.49425,0.0
174,2024-08-09 06:00:00,1723183200000,193388.50405,0.0
175,2024-08-09 07:00:00,1723186800000,193401.00100000002,0.0
176,2024-08-09 08:00:00,1723190400000,193411.49899999998,0.0
177,2024-08-09 09:00:00,1723194000000,193421.49355,0.0
178,2024-08-09 10:00:00,1723197600000,193432.4951,0.0
179,2024-08-09 11:00:00,1723201200000,193443.4967,0.0
180,2024-08-09 12:00:00,1723204800000,193453.99474999998,0.0
181,2024-08-09 13:00:00,1723208400000,193465.4999,0.0
182,2024-08-09 14:00:00,1723212000000,193478.50035,0.0
183,2024-08-09 15:00:00,1723215600000,193492.0044,0.0
184,2024-08-09 16:00:00,1723219200000,193505.9967,0.0
185,2024-08-09 17:00:00,1723222800000,193518.9972,0.0
186,2024-08-09 18:00:00,1723226400000,193531.49414999998,0.0
187,2024-08-09 19:00:00,1723230000000,193544.00634999998,0.0
188,2024-08-09 20:00:00,1723233600000,193557.99865,0.0
189,2024-08-09 21:00:00,1723237200000,193572.4945,0.0
190,2024-08-09 22:00:00,1723240800000,193587.0056,0.0
191,2024-08-09 23:00:00,1723244400000,193601.50145,0.0
192,2024-08-10 00:00:00,1723248000000,193615.49375000002,0.0
193,2024-08-10 01:00:00,1723251600000,193630.0049,0.0
194,2024-08-10 02:00:00,1723255200000,193644.50074999998,0.0
195,2024-08-10 03:00:00,1723258800000,193658.00475,0.0
196,2024-08-10 04:00:00,1723262400000,193673.49245,0.0
197,2024-08-10 05:00:00,1723266000000,193687.5,0.0
198,2024-08-10 06:00:00,1723269600000,193700.5005,0.0
199,2024-08-10 07:00:00,1723273200000,193716.50695,0.0
200,2024-08-10 08:00:00,1723276800000,193733.50525000002,0.0
201,2024-08-10 09:00:00,1723280400000,193751.49535,0.0
202,2024-08-10 10:00:00,1723284000000,193770.00425,0.0
203,2024-08-10 11:00:00,1723287600000,193787.00255,0.0
204,2024-08-10 12:00:00,1723291200000,193805.4962,0.0
205,2024-08-10 13:00:00,1723294800000,193824.00515,0.0
206,2024-08-10 14:00:00,1723298400000,193843.50585000002,0.0
207,2024-08-10 15:00:00,1723302000000,193860.50415,0.0
208,2024-08-10 16:00:00,1723305600000,193880.0049,0.0
209,2024-08-10 17:00:00,1723309200000,193897.995,0.0
210,2024-08-10 18:00:00,1723312800000,193912.9944,0.0
211,2024-08-10 19:00:00,1723316400000,193923.00415,0.0
212,2024-08-10 20:00:00,1723320000000,193936.00465,0.0
213,2024-08-10 21:00:00,1723323600000,193949.99695,0.0
214,2024-08-10 22:00:00,1723327200000,193964.00449999998,0.0
215,2024-08-10 23:00:00,1723330800000,193979.0039,0.0
216,2024-08-11 00:00:00,1723334400000,193993.49975000002,0.0
217,2024-08-11 01:00:00,1723338000000,194007.9956,0.0
218,2024-08-11 02:00:00,1723341600000,194022.00314999997,0.0
219,2024-08-11 03:00:00,1723345200000,194039.505,0.0
220,2024-08-11 04:00:00,1723348800000,194061.00465,0.0
221,2024-08-11 05:00:00,1723352400000,194087.0056,0.0
222,2024-08-11 06:00:00,1723356000000,194115.99730000002,0.0
223,2024-08-11 07:00:00,1723359600000,194141.00645,0.0
224,2024-08-11 08:00:00,1723363200000,194168.5028,0.0
225,2024-08-11 09:00:00,1723366800000,194197.4945,0.0
226,2024-08-11 10:00:00,1723370400000,194225.4944,0.0
227,2024-08-11 11:00:00,1723374000000,194250.50355,0.0
228,2024-08-11 12:00:00,1723377600000,194276.99279999998,0.0
229,2024-08-11 13:00:00,1723381200000,194302.00195,0.0
230,2024-08-11 14:00:00,1723384800000,194324.4934,0.0
231,2024-08-11 15:00:00,1723388400000,194347.50365,0.0
232,2024-08-11 16:00:00,1723392000000,194369.9951,0.0
233,2024-08-11 17:00:00,1723395600000,194390.50295000002,0.0
234,2024-08-11 18:00:00,1723399200000,194410.99550000002,0.0
235,2024-08-11 19:00:00,1723402800000,194425.99485,0.0
236,2024-08-11 20:00:00,1723406400000,194439.49889999998,0.0
237,2024-08-11 21:00:00,1723410000000,194453.50645,0.0
238,2024-08-11 22:00:00,1723413600000,194468.50585000002,0.0
239,2024-08-11 23:00:00,1723417200000,194483.99355,0.0
240,2024-08-12 00:00:00,1723420800000,194500.50355,0.0
241,2024-08-12 01:00:00,1723424400000,194516.00645,0.0
242,2024-08-12 02:00:00,1723428000000,194531.49414999998,0.0
243,2024-08-12 03:00:00,1723431600000,194552.5055,0.0
244,2024-08-12 04:00:00,1723435200000,194581.4972,0.0
245,2024-08-12 05:00:00,1723438800000,194606.99464999998,0.0
246,2024-08-12 06:00:00,1723442400000,194629.50135,0.0
247,2024-08-12 07:00:00,1723446000000,194653.50340000002,0.0
248,2024-08-12 08:00:00,1723449600000,194682.99865,0.0
249,2024-08-12 09:00:00,1723453200000,194713.50100000002,0.0
250,2024-08-12 10:00:00,1723456800000,194742.0044,0.0
251,2024-08-12 11:00:00,1723460400000,194770.00425,0.0
252,2024-08-12 12:00:00,1723464000000,194797.5006,0.0
253,2024-08-12 13:00:00,1723467600000,194824.4934,0.0
254,2024-08-12 14:00:00,1723471200000,194852.005,0.0
255,2024-08-12 15:00:00,1723474800000,194876.99889999998,0.0
256,2024-08-12 16:00:00,1723478400000,194901.99279999998,0.0
257,2024-08-12 17:00:00,1723482000000,194924.4995,0.0
258,2024-08-12 18:00:00,1723485600000,194944.00024999998,0.0
259,2024-08-12 19:00:00,1723489200000,194962.99745,0.0
260,2024-08-12 20:00:00,1723492800000,194979.99575,0.0
261,2024-08-12 21:00:00,1723496400000,194997.49755,0.0
262,2024-08-12 22:00:00,1723500000000,195014.9994,0.0
263,2024-08-12 23:00:00,1723503600000,195033.00475,0.0
264,2024-08-13 00:00:00,1723507200000,195051.4984,0.0
265,2024-08-13 01:00:00,1723510800000,195069.5038,0.0
266,2024-08-13 02:00:00,1723514400000,195087.99745,0.0
267,2024-08-13 03:00:00,1723518000000,195108.0017,0.0
268,2024-08-13 04:00:00,1723521600000,195128.49425,0.0
269,2024-08-13 05:00:00,1723525200000,195152.9999,0.0
270,2024-08-13 06:00:00,1723528800000,195175.5066,0.0
271,2024-08-13 07:00:00,1723532400000,195202.4994,0.0
272,2024-08-13 08:00:00,1723536000000,195230.49925000002,0.0
273,2024-08-13 09:00:00,1723539600000,195260.49805,0.0
274,2024-08-13 10:00:00,1723543200000,195287.5061,0.0
275,2024-08-13 11:00:00,1723546800000,195315.99425,0.0
276,2024-08-13 12:00:00,1723550400000,195341.99525,0.0
277,2024-08-13 13:00:00,1723554000000,195367.9962,0.0
278,2024-08-13 14:00:00,1723557600000,195395.9961,0.0
279,2024-08-13 15:00:00,1723561200000,195423.99595,0.0
280,2024-08-13 16:00:00,1723564800000,195449.99695,0.0
281,2024-08-13 17:00:00,1723568400000,195476.50145,0.0
282,2024-08-13 18:00:00,1723572000000,195499.49645,0.0
283,2024-08-13 19:00:00,1723575600000,195514.9994,0.0
284,2024-08-13 20:00:00,1723579200000,195530.5023,0.0
285,2024-08-13 21:00:00,1723582800000,195546.00525000002,0.0
286,2024-08-13 22:00:00,1723586400000,195561.49289999998,0.0
287,2024-08-13 23:00:00,1723590000000,195576.50755,0.0
288,2024-08-14 00:00:00,1723593600000,195591.50695,0.0
289,2024-08-14 01:00:00,1723597200000,195606.99464999998,0.0
290,2024-08-14 02:00:00,1723600800000,195621.994,0.0
291,2024-08-14 03:00:00,1723604400000,195636.50515,0.0
292,2024-08-14 04:00:00,1723608000000,195651.99279999998,0.0
293,2024-08-14 05:00:00,1723611600000,195669.00634999998,0.0
294,2024-08-14 06:00:00,1723615200000,195688.50710000002,0.0
295,2024-08-14 07:00:00,1723618800000,195709.50314999997,0.0
296,2024-08-14 08:00:00,1723622400000,195736.49595,0.0
297,2024-08-14 09:00:00,1723626000000,195759.9945,0.0
298,2024-08-14 10:00:00,1723629600000,195785.99550000002,0.0
299,2024-08-14 11:00:00,1723633200000,195811.99645,0.0
300,2024-08-14 12:00:00,1723636800000,195839.49279999998,0.0
301,2024-08-14 13:00:00,1723640400000,195867.4927,0.0
302,2024-08-14 14:00:00,1723644000000,195895.00425,0.0
303,2024-08-14 15:00:00,1723647600000,195923.99595,0.0
304,2024-08-14 16:00:00,1723651200000,195949.99695,0.0
305,2024-08-14 17:00:00,1723654800000,195975.0061,0.0
306,2024-08-14 18:00:00,1723658400000,195996.994,0.0
307,2024-08-14 19:00:00,1723662000000,196016.00645,0.0
308,2024-08-14 20:00:00,1723665600000,196037.00255,0.0
309,2024-08-14 21:00:00,1723669200000,196057.99865,0.0
310,2024-08-14 22:00:00,1723672800000,196079.4983,0.0
311,2024-08-14 23:00:00,1723676400000,196100.99790000002,0.0
312,2024-08-15 00:00:00,1723680000000,196122.49755,0.0
313,2024-08-15 01:00:00,1723683600000,196144.50074999998,0.0
314,2024-08-15 02:00:00,1723687200000,196166.5039,0.0
315,2024-08-15 03:00:00,1723690800000,196188.99535,0.0
316,2024-08-15 04:00:00,1723694400000,196212.99745,0.0
317,2024-08-15 05:00:00,1723698000000,196238.9984,0.0
318,2024-08-15 06:00:00,1723701600000,196263.50405,0.0
319,2024-08-15 07:00:00,1723705200000,196291.00035,0.0
320,2024-08-15 08:00:00,1723708800000,196318.4967,0.0
321,2024-08-15 09:00:00,1723712400000,196345.50475,0.0
322,2024-08-15 10:00:00,1723716000000,196373.00110000002,0.0
323,2024-08-15 11:00:00,1723719600000,196399.00209999998,0.0
324,2024-08-15 12:00:00,1723723200000,196425.00305,0.0
325,2024-08-15 13:00:00,1723726800000,196450.5005,0.0
326,2024-08-15 14:00:00,1723730400000,196476.50145,0.0
327,2024-08-15 15:00:00,1723734000000,196503.49425,0.0
328,2024-08-15 16:00:00,1723737600000,196529.9988,0.0
329,2024-08-15 17:00:00,1723741200000,196557.00685,0.0
330,2024-08-15 18:00:00,1723744800000,196579.4983,0.0
331,2024-08-15 19:00:00,1723748400000,196599.50255,0.0
332,2024-08-15 20:00:00,1723752000000,196620.49865,0.0
333,2024-08-15 21:00:00,1723755600000,196641.49474999998,0.0
334,2024-08-15 22:00:00,1723759200000,196662.9944,0.0
335,2024-08-15 23:00:00,1723762800000,196684.494,0.0
336,2024-08-16 00:00:00,1723766400000,196705.00185,0.0
337,2024-08-16 01:00:00,1723770000000,196725.99790000002,0.0
338,2024-08-16 02:00:00,1723773600000,196747.49755,0.0
339,2024-08-16 03:00:00,1723777200000,196770.49255,0.0
340,2024-08-16 04:00:00,1723780800000,196802.00195,0.0
341,2024-08-16 05:00:00,1723784400000,196838.50100000002,0.0
342,2024-08-16 06:00:00,1723788000000,196875.50355,0.0
343,2024-08-16 07:00:00,1723791600000,196909.5001,0.0
344,2024-08-16 08:00:00,1723795200000,196945.4956,0.0
345,2024-08-16 09:00:00,1723798800000,196973.00720000002,0.0
346,2024-08-16 10:00:00,1723802400000,196994.0033,0.0
347,2024-08-16 11:00:00,1723806000000,197012.49695,0.0
348,2024-08-16 12:00:00,1723809600000,197029.9988,0.0
349,2024-08-16 13:00:00,1723813200000,197046.99704999998,0.0
350,2024-08-16 14:00:00,1723816800000,197063.99535,0.0
351,2024-08-16 15:00:00,1723820400000,197085.495,0.0
352,2024-08-16 16:00:00,1723824000000,197106.0028,0.0
353,2024-08-16 17:00:00,1723827600000,197125.0,0.0
354,2024-08-16 18:00:00,1723831200000,197143.00535000002,0.0
355,2024-08-16 19:00:00,1723834800000,197158.99659999998,0.0
356,2024-08-16 20:00:00,1723838400000,197175.00305,0.0
357,2024-08-16 21:00:00,1723842000000,197190.506,0.0
358,2024-08-16 22:00:00,1723845600000,197206.4972,0.0
359,2024-08-16 23:00:00,1723849200000,197222.50365,0.0
360,2024-08-17 00:00:00,1723852800000,197238.9984,0.0
361,2024-08-17 01:00:00,1723856400000,197255.0049,0.0
362,2024-08-17 02:00:00,1723860000000,197270.9961,0.0
363,2024-08-17 03:00:00,1723863600000,197285.50720000002,0.0
364,2024-08-17 04:00:00,1723867200000,197300.99485,0.0
365,2024-08-17 05:00:00,1723870800000,197317.5049,0.0
366,2024-08-17 06:00:00,1723874400000,197336.50209999998,0.0
367,2024-08-17 07:00:00,1723878000000,197358.0017,0.0
368,2024-08-17 08:00:00,1723881600000,197382.0038,0.0
369,2024-08-17 09:00:00,1723885200000,197404.9988,0.0
370,2024-08-17 10:00:00,1723888800000,197425.00305,0.0
371,2024-08-17 11:00:00,1723892400000,197444.00024999998,0.0
372,2024-08-17 12:00:00,1723896000000,197462.4939,0.0
373,2024-08-17 13:00:00,1723899600000,197481.50634999998,0.0
374,2024-08-17 14:00:00,1723903200000,197500.50355,0.0
375,2024-08-17 15:00:00,1723906800000,197520.49255,0.0
376,2024-08-17 16:00:00,1723910400000,197539.505,0.0
377,2024-08-17 17:00:00,1723914000000,197555.99975000002,0.0
378,2024-08-17 18:00:00,1723917600000,197571.50269999998,0.0
379,2024-08-17 19:00:00,1723921200000,197587.4939,0.0
380,2024-08-17 20:00:00,1723924800000,197602.99685000003,0.0
381,2024-08-17 21:00:00,1723928400000,197617.9962,0.0
382,2024-08-17 22:00:00,1723932000000,197634.00269999998,0.0
383,2024-08-17 23:00:00,1723935600000,197649.5056,0.0
384,2024-08-18 00:00:00,1723939200000,197664.505,0.0
385,2024-08-18 01:00:00,1723942800000,197679.00084999998,0.0
386,2024-08-18 02:00:00,1723946400000,197694.00024999998,0.0
387,2024-08-18 03:00:00,1723950000000,197710.99855,0.0
388,2024-08-18 04:00:00,1723953600000,197730.49925000002,0.0
389,2024-08-18 05:00:00,1723957200000,197750.0,0.0
390,2024-08-18 06:00:00,1723960800000,197771.49965,0.0
391,2024-08-18 07:00:00,1723964400000,197796.00525000002,0.0
392,2024-08-18 08:00:00,1723968000000,197820.0073,0.0
393,2024-08-18 09:00:00,1723971600000,197847.0001,0.0
394,2024-08-18 10:00:00,1723975200000,197871.994,0.0
395,2024-08-18 11:00:00,1723978800000,197895.00425,0.0
396,2024-08-18 12:00:00,1723982400000,197919.00634999998,0.0
397,2024-08-18 13:00:00,1723986000000,197945.99915000002,0.0
398,2024-08-18 14:00:00,1723989600000,197969.4977,0.0
399,2024-08-18 15:00:00,1723993200000,197992.9962,0.0
400,2024-08-18 16:00:00,1723996800000,198015.50295000002,0.0
401,2024-08-18 17:00:00,1724000400000,198036.49899999998,0.0
402,2024-08-18 18:00:00,1724004000000,198052.99375000002,0.0
403,2024-08-18 19:00:00,1724007600000,198065.99425,0.0
404,2024-08-18 20:00:00,1724011200000,198081.4972,0.0
405,2024-08-18 21:00:00,1724014800000,198096.49659999998,0.0
406,2024-08-18 22:00:00,1724018400000,198111.49595,0.0
407,2024-08-18 23:00:00,1724022000000,198126.99889999998,0.0
408,2024-08-19 00:00:00,1724025600000,198141.9983,0.0
409,2024-08-19 01:00:00,1724029200000,198157.5012,0.0
410,2024-08-19 02:00:00,1724032800000,198172.5006,0.0
411,2024-08-19 03:00:00,1724036400000,198190.506,0.0
412,2024-08-19 04:00:00,1724040000000,198209.50314999997,0.0
413,2024-08-19 05:00:00,1724043600000,198231.50634999998,0.0
414,2024-08-19 06:00:00,1724047200000,198253.9978,0.0
415,2024-08-19 07:00:00,1724050800000,198277.9999,0.0
416,2024-08-19 08:00:00,1724054400000,198303.49730000002,0.0
417,2024-08-19 09:00:00,1724058000000,198334.50314999997,0.0
418,2024-08-19 10:00:00,1724061600000,198358.50525000002,0.0
419,2024-08-19 11:00:00,1724065200000,198382.5073,0.0
420,2024-08-19 12:00:00,1724068800000,198408.00475,0.0
421,2024-08-19 13:00:00,1724072400000,198433.5022,0.0
422,2024-08-19 14:00:00,1724076000000,198458.4961,0.0
423,2024-08-19 15:00:00,1724079600000,198483.99355,0.0
424,2024-08-19 16:00:00,1724083200000,198507.5073,0.0
425,2024-08-19 17:00:00,1724086800000,198530.5023,0.0
426,2024-08-19 18:00:00,1724090400000,198550.5066,0.0
427,2024-08-19 19:00:00,1724094000000,198561.49289999998,0.0
428,2024-08-19 20:00:00,1724097600000,198574.00515,0.0
429,2024-08-19 21:00:00,1724101200000,198586.50209999998,0.0
430,2024-08-19 22:00:00,1724104800000,198598.49550000002,0.0
431,2024-08-19 23:00:00,1724108400000,198610.99245,0.0
432,2024-08-20 00:00:00,1724112000000,198623.00110000002,0.0
433,2024-08-20 01:00:00,1724115600000,198635.49805,0.0
434,2024-08-20 02:00:00,1724119200000,198647.00314999997,0.0
435,2024-08-20 03:00:00,1724122800000,198662.00255,0.0
436,2024-08-20 04:00:00,1724126400000,198679.9927,0.0
437,2024-08-20 05:00:00,1724130000000,198706.4972,0.0
438,2024-08-20 06:00:00,1724133600000,198733.99355,0.0
439,2024-08-20 07:00:00,1724137200000,198763.0005,0.0
440,2024-08-20 08:00:00,1724140800000,198792.99925000002,0.0
441,2024-08-20 09:00:00,1724144400000,198822.00624999998,0.0
442,2024-08-20 10:00:00,1724148000000,198847.50365,0.0
443,2024-08-20 11:00:00,1724151600000,198873.00110000002,0.0
444,2024-08-20 12:00:00,1724155200000,198897.5067,0.0
445,2024-08-20 13:00:00,1724158800000,198920.5017,0.0
446,2024-08-20 14:00:00,1724162400000,198941.4978,0.0
447,2024-08-20 15:00:00,1724166000000,198960.495,0.0
448,2024-08-20 16:00:00,1724169600000,198978.50035,0.0
449,2024-08-20 17:00:00,1724173200000,198996.50575,0.0
450,2024-08-20 18:00:00,1724176800000,199011.9934,0.0
451,2024-08-20 19:00:00,1724180400000,199026.50449999998,0.0
452,2024-08-20 20:00:00,1724184000000,199042.00745,0.0
453,2024-08-20 21:00:00,1724187600000,199058.5022,0.0
454,2024-08-20 22:00:00,1724191200000,199074.4934,0.0
455,2024-08-20 23:00:00,1724194800000,199091.00340000002,0.0
456,2024-08-21 00:00:00,1724198400000,199108.0017,0.0
457,2024-08-21 01:00:00,1724202000000,199125.0,0.0
458,2024-08-21 02:00:00,1724205600000,199141.9983,0.0
459,2024-08-21 03:00:00,1724209200000,199162.9944,0.0
460,2024-08-21 04:00:00,1724212800000,199186.00465,0.0
461,2024-08-21 05:00:00,1724216400000,199207.50425,0.0
462,2024-08-21 06:00:00,1724220000000,199231.0028,0.0
463,2024-08-21 07:00:00,1724223600000,199252.50245,0.0
464,2024-08-21 08:00:00,1724227200000,199271.49965,0.0
465,2024-08-21 09:00:00,1724230800000,199292.00745,0.0
466,2024-08-21 10:00:00,1724234400000,199309.00575,0.0
467,2024-08-21 11:00:00,1724238000000,199326.99585,0.0
468,2024-08-21 12:00:00,1724241600000,199346.49659999998,0.0
469,2024-08-21 13:00:00,1724245200000,199367.9962,0.0
470,2024-08-21 14:00:00,1724248800000,199388.50405,0.0
471,2024-08-21 15:00:00,1724252400000,199408.49305,0.0
472,2024-08-21 16:00:00,1724256000000,199427.99375000002,0.0
473,2024-08-21 17:00:00,1724259600000,199447.99805,0.0
474,2024-08-21 18:00:00,1724263200000,199466.99525,0.0
475,2024-08-21 19:00:00,1724266800000,199484.49704999998,0.0
476,2024-08-21 20:00:00,1724270400000,199501.49535,0.0
477,2024-08-21 21:00:00,1724274000000,199518.00535000002,0.0
478,2024-08-21 22:00:00,1724277600000,199534.5001,0.0
479,2024-08-21 23:00:00,1724281200000,199550.99485,0.0
480,2024-08-22 00:00:00,1724284800000,199567.99315,0.0
481,2024-08-22 01:00:00,1724288400000,199585.495,0.0
482,2024-08-22 02:00:00,1724292000000,199602.99685000003,0.0
483,2024-08-22 03:00:00,1724295600000,199623.50465,0.0
484,2024-08-22 04:00:00,1724299200000,199644.50074999998,0.0
485,2024-08-22 05:00:00,1724302800000,199664.9933,0.0
486,2024-08-22 06:00:00,1724306400000,199685.50110000002,0.0
487,2024-08-22 07:00:00,1724310000000,199705.50535000002,0.0
488,2024-08-22 08:00:00,1724313600000,199724.50255,0.0
489,2024-08-22 09:00:00,1724317200000,199744.50685,0.0
490,2024-08-22 10:00:00,1724320800000,199766.00645,0.0
491,2024-08-22 11:00:00,1724324400000,199787.5061,0.0
492,2024-08-22 12:00:00,1724328000000,199808.5022,0.0
493,2024-08-22 13:00:00,1724331600000,199830.00185,0.0
494,2024-08-22 14:00:00,1724335200000,199852.4933,0.0
495,2024-08-22 15:00:00,1724338800000,199873.00110000002,0.0
496,2024-08-22 16:00:00,1724342400000,199892.50185,0.0
497,2024-08-22 17:00:00,1724346000000,199912.9944,0.0
498,2024-08-22 18:00:00,1724349600000,199930.99975000002,0.0
499,2024-08-22 19:00:00,1724353200000,199945.4956,0.0
500,2024-08-22 20:00:00,1724356800000,199962.0056,0.0
501,2024-08-22 21:00:00,1724360400000,199979.50745,0.0
502,2024-08-22 22:00:00,1724364000000,199997.49755,0.0
503,2024-08-22 23:00:00,1724367600000,200015.50295000002,0.0
504,2024-08-23 00:00:00,1724371200000,200033.49305,0.0
505,2024-08-23 01:00:00,1724374800000,200051.4984,0.0
506,2024-08-23 02:00:00,1724378400000,200069.5038,0.0
507,2024-08-23 03:00:00,1724382000000,200087.4939,0.0
508,2024-08-23 04:00:00,1724385600000,200114.50195,0.0
509,2024-08-23 05:00:00,1724389200000,200150.49745,0.0
510,2024-08-23 06:00:00,1724392800000,200185.50110000002,0.0
511,2024-08-23 07:00:00,1724396400000,200219.4977,0.0
512,2024-08-23 08:00:00,1724400000000,200240.49375000002,0.0
513,2024-08-23 09:00:00,1724403600000,200261.0016,0.0
514,2024-08-23 10:00:00,1724407200000,200278.50340000002,0.0
515,2024-08-23 11:00:00,1724410800000,200296.00525000002,0.0
516,2024-08-23 12:00:00,1724414400000,200315.99425,0.0
517,2024-08-23 13:00:00,1724418000000,200335.99855,0.0
518,2024-08-23 14:00:00,1724421600000,200355.49925000002,0.0
519,2024-08-23 15:00:00,1724425200000,200376.99889999998,0.0
520,2024-08-23 16:00:00,1724428800000,200399.00209999998,0.0
521,2024-08-23 17:00:00,1724432400000,200418.5028,0.0
522,2024-08-23 18:00:00,1724436000000,200434.99755,0.0
523,2024-08-23 19:00:00,1724439600000,200449.99695,0.0
524,2024-08-23 20:00:00,1724443200000,200465.4999,0.0
525,2024-08-23 21:00:00,1724446800000,200481.99464999998,0.0
526,2024-08-23 22:00:00,1724450400000,200499.49645,0.0
527,2024-08-23 23:00:00,1724454000000,200517.50185,0.0
528,2024-08-24 00:00:00,1724457600000,200535.00365,0.0
529,2024-08-24 01:00:00,1724461200000,200553.49730000002,0.0
530,2024-08-24 02:00:00,1724464800000,200571.50269999998,0.0
531,2024-08-24 03:00:00,1724468400000,200589.00449999998,0.0
532,2024-08-24 04:00:00,1724472000000,200606.50634999998,0.0
533,2024-08-24 05:00:00,1724475600000,200623.00110000002,0.0
534,2024-08-24 06:00:00,1724479200000,200641.9983,0.0
535,2024-08-24 07:00:00,1724482800000,200662.00255,0.0
536,2024-08-24 08:00:00,1724486400000,200684.00575,0.0
537,2024-08-24 09:00:00,1724490000000,200704.4983,0.0
538,2024-08-24 10:00:00,1724493600000,200727.4933,0.0
539,2024-08-24 11:00:00,1724497200000,200750.0,0.0
540,2024-08-24 12:00:00,1724500800000,200772.5067,0.0
541,2024-08-24 13:00:00,1724504400000,200792.00745,0.0
542,2024-08-24 14:00:00,1724508000000,200812.5,0.0
543,2024-08-24 15:00:00,1724511600000,200832.99255,0.0
544,2024-08-24 16:00:00,1724515200000,200852.99685000003,0.0
545,2024-08-24 17:00:00,1724518800000,200871.0022,0.0
546,2024-08-24 18:00:00,1724522400000,200884.9945,0.0
547,2024-08-24 19:00:00,1724526000000,200895.9961,0.0
548,2024-08-24 20:00:00,1724529600000,200907.5012,0.0
549,2024-08-24 21:00:00,1724533200000,200918.5028,0.0
550,2024-08-24 22:00:00,1724536800000,200929.5044,0.0
551,2024-08-24 23:00:00,1724540400000,200942.99315,0.0
552,2024-08-25 00:00:00,1724544000000,200956.4972,0.0
553,2024-08-25 01:00:00,1724547600000,200970.0012,0.0
554,2024-08-25 02:00:00,1724551200000,200983.50525000002,0.0
555,2024-08-25 03:00:00,1724554800000,201001.00710000002,0.0
556,2024-08-25 04:00:00,1724558400000,201018.49365000002,0.0
557,2024-08-25 05:00:00,1724562000000,201036.49899999998,0.0
558,2024-08-25 06:00:00,1724565600000,201054.00084999998,0.0
559,2024-08-25 07:00:00,1724569200000,201071.50269999998,0.0
560,2024-08-25 08:00:00,1724572800000,201091.00340000002,0.0
561,2024-08-25 09:00:00,1724576400000,201109.49704999998,0.0
562,2024-08-25 10:00:00,1724580000000,201128.49425,0.0
563,2024-08-25 11:00:00,1724583600000,201146.49965,0.0
564,2024-08-25 12:00:00,1724587200000,201164.505,0.0
565,2024-08-25 13:00:00,1724590800000,201179.9927,0.0
566,2024-08-25 14:00:00,1724594400000,201196.50269999998,0.0
567,2024-08-25 15:00:00,1724598000000,201214.00449999998,0.0
568,2024-08-25 16:00:00,1724601600000,201233.50525000002,0.0
569,2024-08-25 17:00:00,1724605200000,201250.50355,0.0
570,2024-08-25 18:00:00,1724608800000,201266.00645,0.0
571,2024-08-25 19:00:00,1724612400000,201278.50340000002,0.0
572,2024-08-25 20:00:00,1724616000000,201291.5039,0.0
573,2024-08-25 21:00:00,1724619600000,201304.5044,0.0
574,2024-08-25 22:00:00,1724623200000,201317.5049,0.0
575,2024-08-25 23:00:00,1724626800000,201330.50535000002,0.0
576,2024-08-26 00:00:00,1724630400000,201343.99414999998,0.0
577,2024-08-26 01:00:00,1724634000000,201358.0017,0.0
578,2024-08-26 02:00:00,1724637600000,201371.50575,0.0
579,2024-08-26 03:00:00,1724641200000,201392.50185,0.0
580,2024-08-26 04:00:00,1724644800000,201413.49790000002,0.0
581,2024-08-26 05:00:00,1724648400000,201438.99535,0.0
582,2024-08-26 06:00:00,1724652000000,201465.4999,0.0
583,2024-08-26 07:00:00,1724655600000,201498.99289999998,0.0
584,2024-08-26 08:00:00,1724659200000,201533.00475,0.0
585,2024-08-26 09:00:00,1724662800000,201569.5038,0.0
586,2024-08-26 10:00:00,1724666400000,201602.99685000003,0.0
587,2024-08-26 11:00:00,1724670000000,201637.49695,0.0
588,2024-08-26 12:00:00,1724673600000,201671.99704999998,0.0
589,2024-08-26 13:00:00,1724677200000,201700.5005,0.0
590,2024-08-26 14:00:00,1724680800000,201725.99790000002,0.0
591,2024-08-26 15:00:00,1724684400000,201751.49535,0.0
592,2024-08-26 16:00:00,1724688000000,201774.9939,0.0
593,2024-08-26 17:00:00,1724691600000,201798.00415,0.0
594,2024-08-26 18:00:00,1724695200000,201814.49889999998,0.0
595,2024-08-26 19:00:00,1724698800000,201828.00295000002,0.0
596,2024-08-26 20:00:00,1724702400000,201841.99525,0.0
597,2024-08-26 21:00:00,1724706000000,201856.0028,0.0
598,2024-08-26 22:00:00,1724709600000,201871.994,0.0
599,2024-08-26 23:00:00,1724713200000,201888.50405,0.0
600,2024-08-27 00:00:00,1724716800000,201905.5023,0.0
601,2024-08-27 01:00:00,1724720400000,201922.5006,0.0
602,2024-08-27 02:00:00,1724724000000,201938.99535,0.0
603,2024-08-27 03:00:00,1724727600000,201962.4939,0.0
604,2024-08-27 04:00:00,1724731200000,201987.50305,0.0
605,2024-08-27 05:00:00,1724734800000,202011.50515,0.0
606,2024-08-27 06:00:00,1724738400000,202039.00145,0.0
607,2024-08-27 07:00:00,1724742000000,202068.4967,0.0
608,2024-08-27 08:00:00,1724745600000,202102.005,0.0
609,2024-08-27 09:00:00,1724749200000,202136.9934,0.0
610,2024-08-27 10:00:00,1724752800000,202171.49355,0.0
611,2024-08-27 11:00:00,1724756400000,202203.99474999998,0.0
612,2024-08-27 12:00:00,1724760000000,202238.0066,0.0
613,2024-08-27 13:00:00,1724763600000,202268.49365000002,0.0
614,2024-08-27 14:00:00,1724767200000,202296.49355,0.0
615,2024-08-27 15:00:00,1724770800000,202322.00624999998,0.0
616,2024-08-27 16:00:00,1724774400000,202344.4977,0.0
617,2024-08-27 17:00:00,1724778000000,202366.50084999998,0.0
618,2024-08-27 18:00:00,1724781600000,202388.0005,0.0
619,2024-08-27 19:00:00,1724785200000,202406.49414999998,0.0
620,2024-08-27 20:00:00,1724788800000,202423.49245,0.0
621,2024-08-27 21:00:00,1724792400000,202438.99535,0.0
622,2024-08-27 22:00:00,1724796000000,202455.00185,0.0
623,2024-08-27 23:00:00,1724799600000,202470.99305,0.0
624,2024-08-28 00:00:00,1724803200000,202488.0066,0.0
625,2024-08-28 01:00:00,1724806800000,202504.50135,0.0
626,2024-08-28 02:00:00,1724810400000,202521.49965,0.0
627,2024-08-28 03:00:00,1724814000000,202546.49355,0.0
628,2024-08-28 04:00:00,1724817600000,202572.99805,0.0
629,2024-08-28 05:00:00,1724821200000,202596.49659999998,0.0
630,2024-08-28 06:00:00,1724824800000,202626.99889999998,0.0
631,2024-08-28 07:00:00,1724828400000,202659.5001,0.0
632,2024-08-28 08:00:00,1724832000000,202698.5016,0.0
633,2024-08-28 09:00:00,1724835600000,202738.9984,0.0
634,2024-08-28 10:00:00,1724839200000,202773.49855,0.0
635,2024-08-28 11:00:00,1724842800000,202805.99975000002,0.0
636,2024-08-28 12:00:00,1724846400000,202835.99855,0.0
637,2024-08-28 13:00:00,1724850000000,202861.49595,0.0
638,2024-08-28 14:00:00,1724853600000,202887.49695,0.0
639,2024-08-28 15:00:00,1724857200000,202912.9944,0.0
640,2024-08-28 16:00:00,1724860800000,202936.49289999998,0.0
641,2024-08-28 17:00:00,1724864400000,202959.50314999997,0.0
642,2024-08-28 18:00:00,1724868000000,202981.0028,0.0
643,2024-08-28 19:00:00,1724871600000,202996.994,0.0
644,2024-08-28 20:00:00,1724875200000,203011.50515,0.0
645,2024-08-28 21:00:00,1724878800000,203024.5056,0.0
646,2024-08-28 22:00:00,1724882400000,203037.9944,0.0
647,2024-08-28 23:00:00,1724886000000,203051.4984,0.0
648,2024-08-29 00:00:00,1724889600000,203064.49889999998,0.0
649,2024-08-29 01:00:00,1724893200000,203078.50645,0.0
650,2024-08-29 02:00:00,1724896800000,203091.99525,0.0
651,2024-08-29 03:00:00,1724900400000,203108.0017,0.0
652,2024-08-29 04:00:00,1724904000000,203125.50355,0.0
653,2024-08-29 05:00:00,1724907600000,203146.49965,0.0
654,2024-08-29 06:00:00,1724911200000,203167.00745,0.0
655,2024-08-29 07:00:00,1724914800000,203186.99645,0.0
656,2024-08-29 08:00:00,1724918400000,203207.50425,0.0
657,2024-08-29 09:00:00,1724922000000,203229.99575,0.0
658,2024-08-29 10:00:00,1724925600000,203251.99889999998,0.0
659,2024-08-29 11:00:00,1724929200000,203274.5056,0.0
660,2024-08-29 12:00:00,1724932800000,203295.5017,0.0
661,2024-08-29 13:00:00,1724936400000,203315.506,0.0
662,2024-08-29 14:00:00,1724940000000,203333.99965,0.0
663,2024-08-29 15:00:00,1724943600000,203352.005,0.0
664,2024-08-29 16:00:00,1724947200000,203369.50685,0.0
665,2024-08-29 17:00:00,1724950800000,203386.50515,0.0
666,2024-08-29 18:00:00,1724954400000,203399.5056,0.0
667,2024-08-29 19:00:00,1724958000000,203410.00365,0.0
668,2024-08-29 20:00:00,1724961600000,203420.5017,0.0
669,2024-08-29 21:00:00,1724965200000,203430.4962,0.0
670,2024-08-29 22:00:00,1724968800000,203440.00245,0.0
671,2024-08-29 23:00:00,1724972400000,203450.5005,0.0
672,2024-08-30 00:00:00,1724976000000,203460.99855,0.0
673,2024-08-30 01:00:00,1724979600000,203471.49659999998,0.0
674,2024-08-30 02:00:00,1724983200000,203483.0017,0.0
675,2024-08-30 03:00:00,1724986800000,203496.994,0.0
676,2024-08-30 04:00:00,1724990400000,203511.0016,0.0
677,2024-08-30 05:00:00,1724994000000,203526.50449999998,0.0
678,2024-08-30 06:00:00,1724997600000,203541.5039,0.0
679,2024-08-30 07:00:00,1725001200000,203556.5033,0.0
680,2024-08-30 08:00:00,1725004800000,203572.99805,0.0
681,2024-08-30 09:00:00,1725008400000,203591.50695,0.0
682,2024-08-30 10:00:00,1725012000000,203612.50305,0.0
683,2024-08-30 11:00:00,1725015600000,203634.50624999998,0.0
684,2024-08-30 12:00:00,1725019200000,203655.5023,0.0
685,2024-08-30 13:00:00,1725022800000,203670.5017,0.0
686,2024-08-30 14:00:00,1725026400000,203684.99755,0.0
687,2024-08-30 15:00:00,1725030000000,203699.4934,0.0
688,2024-08-30 16:00:00,1725033600000,203714.00449999998,0.0
689,2024-08-30 17:00:00,1725037200000,203728.50035,0.0
690,2024-08-30 18:00:00,1725040800000,203742.0044,0.0
691,2024-08-30 19:00:00,1725044400000,203753.006,0.0
692,2024-08-30 20:00:00,1725048000000,203763.50405,0.0
693,2024-08-30 21:00:00,1725051600000,203775.49745,0.0
694,2024-08-30 22:00:00,1725055200000,203787.00255,0.0
695,2024-08-30 23:00:00,1725058800000,203798.49245,0.0
696,2024-08-31 00:00:00,1725062400000,203810.50110000002,0.0
697,2024-08-31 01:00:00,1725066000000,203822.00624999998,0.0
698,2024-08-31 02:00:00,1725069600000,203832.99255,0.0
699,2024-08-31 03:00:00,1725073200000,203851.50145,0.0
700,2024-08-31 04:00:00,1725076800000,203871.50575,0.0
701,2024-08-31 05:00:00,1725080400000,203894.50074999998,0.0
702,2024-08-31 06:00:00,1725084000000,203924.4995,0.0
703,2024-08-31 07:00:00,1725087600000,203951.99585,0.0
704,2024-08-31 08:00:00,1725091200000,203981.0028,0.0
705,2024-08-31 09:00:00,1725094800000,204016.9983,0.0
706,2024-08-31 10:00:00,1725098400000,204050.5066,0.0
707,2024-08-31 11:00:00,1725102000000,204085.495,0.0
708,2024-08-31 12:00:00,1725105600000,204117.4927,0.0
709,2024-08-31 13:00:00,1725109200000,204145.00425,0.0
710,2024-08-31 14:00:00,1725112800000,204169.00634999998,0.0
711,2024-08-31 15:00:00,1725116400000,204192.99315,0.0
712,2024-08-31 16:00:00,1725120000000,204211.50209999998,0.0
713,2024-08-31 17:00:00,1725123600000,204229.99575,0.0
714,2024-08-31 18:00:00,1725127200000,204246.0022,0.0
715,2024-08-31 19:00:00,1725130800000,204257.0038,0.0
716,2024-08-31 20:00:00,1725134400000,204267.50185,0.0
717,2024-08-31 21:00:00,1725138000000,204276.99279999998,0.0
718,2024-08-31 22:00:00,1725141600000,204287.5061,0.0
719,2024-08-31 23:00:00,1725145200000,204299.4995,0.0
720,2024-09-01 00:00:00,1725148800000,204311.99645,0.0
721,2024-09-01 01:00:00,1725152400000,204324.00515,0.0
722,2024-09-01 02:00:00,1725156000000,204336.50209999998,0.0
723,2024-09-01 03:00:00,1725159600000,204352.99685000003,0.0
724,2024-09-01 04:00:00,1725163200000,204369.50685,0.0
725,2024-09-01 05:00:00,1725166800000,204391.49474999998,0.0
726,2024-09-01 06:00:00,1725170400000,204419.99815,0.0
727,2024-09-01 07:00:00,1725174000000,204451.99585,0.0
728,2024-09-01 08:00:00,1725177600000,204480.49925000002,0.0
729,2024-09-01 09:00:00,1725181200000,204509.00269999998,0.0
730,2024-09-01 10:00:00,1725184800000,204537.9944,0.0
731,2024-09-01 11:00:00,1725188400000,204568.4967,0.0
732,2024-09-01 12:00:00,1725192000000,204597.50365,0.0
733,2024-09-01 13:00:00,1725195600000,204625.0,0.0
734,2024-09-01 14:00:00,1725199200000,204653.50340000002,0.0
735,2024-09-01 15:00:00,1725202800000,204678.49730000002,0.0
736,2024-09-01 16:00:00,1725206400000,204698.5016,0.0
737,2024-09-01 17:00:00,1725210000000,204716.50695,0.0
738,2024-09-01 18:00:00,1725213600000,204731.50634999998,0.0
739,2024-09-01 19:00:00,1725217200000,204744.0033,0.0
740,2024-09-01 20:00:00,1725220800000,204757.9956,0.0
741,2024-09-01 21:00:00,1725224400000,204772.00314999997,0.0
742,2024-09-01 22:00:00,1725228000000,204786.49899999998,0.0
743,2024-09-01 23:00:00,1725231600000,204801.4984,0.0
744,2024-09-02 00:00:00,1725235200000,204816.4978,0.0
745,2024-09-02 01:00:00,1725238800000,204830.50535000002,0.0
746,2024-09-02 02:00:00,1725242400000,204845.50475,0.0
747,2024-09-02 03:00:00,1725246000000,204863.49485,0.0
748,2024-09-02 04:00:00,1725249600000,204882.5073,0.0
749,2024-09-02 05:00:00,1725253200000,204899.5056,0.0
750,2024-09-02 06:00:00,1725256800000,204916.00035,0.0
751,2024-09-02 07:00:00,1725260400000,204937.5,0.0
752,2024-09-02 08:00:00,1725264000000,204962.4939,0.0
753,2024-09-02 09:00:00,1725267600000,204988.0066,0.0
754,2024-09-02 10:00:00,1725271200000,205013.50405,0.0
755,2024-09-02 11:00:00,1725274800000,205037.5061,0.0
756,2024-09-02 12:00:00,1725278400000,205059.99755,0.0
757,2024-09-02 13:00:00,1725282000000,205078.99474999998,0.0
758,2024-09-02 14:00:00,1725285600000,205097.50365,0.0
759,2024-09-02 15:00:00,1725289200000,205117.0044,0.0
760,2024-09-02 16:00:00,1725292800000,205134.9945,0.0
761,2024-09-02 17:00:00,1725296400000,205151.00100000002,0.0
762,2024-09-02 18:00:00,1725300000000,205167.49575,0.0
763,2024-09-02 19:00:00,1725303600000,205182.00685,0.0
764,2024-09-02 20:00:00,1725307200000,205196.50269999998,0.0
765,2024-09-02 21:00:00,1725310800000,205210.99855,0.0
766,2024-09-02 22:00:00,1725314400000,205225.99790000002,0.0
767,2024-09-02 23:00:00,1725318000000,205240.49375000002,0.0
768,2024-09-03 00:00:00,1725321600000,205255.9967,0.0
769,2024-09-03 01:00:00,1725325200000,205270.9961,0.0
770,2024-09-03 02:00:00,1725328800000,205285.99550000002,0.0
771,2024-09-03 03:00:00,1725332400000,205305.4962,0.0
772,2024-09-03 04:00:00,1725336000000,205326.99585,0.0
773,2024-09-03 05:00:00,1725339600000,205348.99899999998,0.0
774,2024-09-03 06:00:00,1725343200000,205374.49645,0.0
775,2024-09-03 07:00:00,1725346800000,205402.49635,0.0
776,2024-09-03 08:00:00,1725350400000,205432.00685,0.0
777,2024-09-03 09:00:00,1725354000000,205464.99635,0.0
778,2024-09-03 10:00:00,1725357600000,205493.49975000002,0.0
779,2024-09-03 11:00:00,1725361200000,205522.5067,0.0
780,2024-09-03 12:00:00,1725364800000,205550.00305,0.0
781,2024-09-03 13:00:00,1725368400000,205573.5016,0.0
782,2024-09-03 14:00:00,1725372000000,205597.0001,0.0
783,2024-09-03 15:00:00,1725375600000,205619.0033,0.0
784,2024-09-03 16:00:00,1725379200000,205641.49474999998,0.0
785,2024-09-03 17:00:00,1725382800000,205660.99550000002,0.0
786,2024-09-03 18:00:00,1725386400000,205679.5044,0.0
787,2024-09-03 19:00:00,1725390000000,205693.4967,0.0
788,2024-09-03 20:00:00,1725393600000,205706.4972,0.0
789,2024-09-03 21:00:00,1725397200000,205718.0023,0.0
790,2024-09-03 22:00:00,1725400800000,205728.50035,0.0
791,2024-09-03 23:00:00,1725404400000,205740.0055,0.0
792,2024-09-04 00:00:00,1725408000000,205751.49535,0.0
793,2024-09-04 01:00:00,1725411600000,205763.50405,0.0
794,2024-09-04 02:00:00,1725415200000,205774.5056,0.0
795,2024-09-04 03:00:00,1725418800000,205789.00145,0.0
796,2024-09-04 04:00:00,1725422400000,205804.5044,0.0
797,2024-09-04 05:00:00,1725426000000,205819.5038,0.0
798,2024-09-04 06:00:00,1725429600000,205833.99965,0.0
799,2024-09-04 07:00:00,1725433200000,205848.49550000002,0.0
800,2024-09-04 08:00:00,1725436800000,205864.50195,0.0
801,2024-09-04 09:00:00,1725440400000,205882.0038,0.0
802,2024-09-04 10:00:00,1725444000000,205899.5056,0.0
803,2024-09-04 11:00:00,1725447600000,205917.00745,0.0
804,2024-09-04 12:00:00,1725451200000,205935.50110000002,0.0
805,2024-09-04 13:00:00,1725454800000,205949.4934,0.0
806,2024-09-04 14:00:00,1725458400000,205963.50100000002,0.0
807,2024-09-04 15:00:00,1725462000000,205975.99790000002,0.0
808,2024-09-04 16:00:00,1725465600000,205988.9984,0.0
809,2024-09-04 17:00:00,1725469200000,206004.50135,0.0
810,2024-09-04 18:00:00,1725472800000,206016.9983,0.0
811,2024-09-04 19:00:00,1725476400000,206026.00100000002,0.0
812,2024-09-04 20:00:00,1725480000000,206035.00365,0.0
813,2024-09-04 21:00:00,1725483600000,206044.49464999998,0.0
814,2024-09-04 22:00:00,1725487200000,206054.00084999998,0.0
815,2024-09-04 23:00:00,1725490800000,206063.50710000002,0.0
816,2024-09-05 00:00:00,1725494400000,206072.99805,0.0
817,2024-09-05 01:00:00,1725498000000,206082.99255,0.0
818,2024-09-05 02:00:00,1725501600000,206093.50585000002,0.0
819,2024-09-05 03:00:00,1725505200000,206106.50634999998,0.0
820,2024-09-05 04:00:00,1725508800000,206119.9951,0.0
821,2024-09-05 05:00:00,1725512400000,206134.00269999998,0.0
822,2024-09-05 06:00:00,1725516000000,206148.49855,0.0
823,2024-09-05 07:00:00,1725519600000,206165.49685000003,0.0
824,2024-09-05 08:00:00,1725523200000,206184.00575,0.0
825,2024-09-05 09:00:00,1725526800000,206203.00295000002,0.0
826,2024-09-05 10:00:00,1725530400000,206223.99899999998,0.0
827,2024-09-05 11:00:00,1725534000000,206246.0022,0.0
828,2024-09-05 12:00:00,1725537600000,206266.9983,0.0
829,2024-09-05 13:00:00,1725541200000,206283.99659999998,0.0
830,2024-09-05 14:00:00,1725544800000,206302.00195,0.0
831,2024-09-05 15:00:00,1725548400000,206319.5038,0.0
832,2024-09-05 16:00:00,1725552000000,206335.99855,0.0
833,2024-09-05 17:00:00,1725555600000,206353.50035,0.0
834,2024-09-05 18:00:00,1725559200000,206369.0033,0.0
835,2024-09-05 19:00:00,1725562800000,206382.0038,0.0
836,2024-09-05 20:00:00,1725566400000,206393.9972,0.0
837,2024-09-05 21:00:00,1725570000000,206404.9988,0.0
838,2024-09-05 22:00:00,1725573600000,206416.00035,0.0
839,2024-09-05 23:00:00,1725577200000,206427.99375000002,0.0
840,2024-09-06 00:00:00,1725580800000,206439.49889999998,0.0
841,2024-09-06 01:00:00,1725584400000,206451.00405,0.0
842,2024-09-06 02:00:00,1725588000000,206462.4939,0.0
843,2024-09-06 03:00:00,1725591600000,206477.4933,0.0
844,2024-09-06 04:00:00,1725595200000,206493.49975000002,0.0
845,2024-09-06 05:00:00,1725598800000,206509.00269999998,0.0
846,2024-09-06 06:00:00,1725602400000,206525.49745,0.0
847,2024-09-06 07:00:00,1725606000000,206541.5039,0.0
848,2024-09-06 08:00:00,1725609600000,206559.99755,0.0
849,2024-09-06 09:00:00,1725613200000,206578.00295000002,0.0
850,2024-09-06 10:00:00,1725616800000,206595.50475,0.0
851,2024-09-06 11:00:00,1725620400000,206613.9984,0.0
852,2024-09-06 12:00:00,1725624000000,206631.50024999998,0.0
853,2024-09-06 13:00:00,1725627600000,206645.00425,0.0
854,2024-09-06 14:00:00,1725631200000,206658.99659999998,0.0
855,2024-09-06 15:00:00,1725634800000,206672.5006,0.0
856,2024-09-06 16:00:00,1725638400000,206686.00465,0.0
857,2024-09-06 17:00:00,1725642000000,206699.00515,0.0
858,2024-09-06 18:00:00,1725645600000,206712.0056,0.0
859,2024-09-06 19:00:00,1725649200000,206723.49550000002,0.0
860,2024-09-06 20:00:00,1725652800000,206734.49704999998,0.0
861,2024-09-06 21:00:00,1725656400000,206746.0022,0.0
862,2024-09-06 22:00:00,1725660000000,206757.5073,0.0
863,2024-09-06 23:00:00,1725663600000,206768.9972,0.0
864,2024-09-07 00:00:00,1725667200000,206781.49414999998,0.0
865,2024-09-07 01:00:00,1725670800000,206792.99925000002,0.0
866,2024-09-07 02:00:00,1725674400000,206804.9927,0.0
867,2024-09-07 03:00:00,1725678000000,206822.99805,0.0
868,2024-09-07 04:00:00,1725681600000,206849.50255,0.0
869,2024-09-07 05:00:00,1725685200000,206887.49695,0.0
870,2024-09-07 06:00:00,1725688800000,206930.99975000002,0.0
871,2024-09-07 07:00:00,1725692400000,206973.99899999998,0.0
872,2024-09-07 08:00:00,1725696000000,207018.49365000002,0.0
873,2024-09-07 09:00:00,1725699600000,207064.49889999998,0.0
874,2024-09-07 10:00:00,1725703200000,207108.0017,0.0
875,2024-09-07 11:00:00,1725706800000,207149.5056,0.0
876,2024-09-07 12:00:00,1725710400000,207190.00245,0.0
877,2024-09-07 13:00:00,1725714000000,207222.0001,0.0
878,2024-09-07 14:00:00,1725717600000,207252.50245,0.0
879,2024-09-07 15:00:00,1725721200000,207279.49525,0.0
880,2024-09-07 16:00:00,1725724800000,207301.4984,0.0
881,2024-09-07 17:00:00,1725728400000,207322.00624999998,0.0
882,2024-09-07 18:00:00,1725732000000,207340.4999,0.0
883,2024-09-07 19:00:00,1725735600000,207356.0028,0.0
884,2024-09-07 20:00:00,1725739200000,207371.50575,0.0
885,2024-09-07 21:00:00,1725742800000,207386.9934,0.0
886,2024-09-07 22:00:00,1725746400000,207402.9999,0.0
887,2024-09-07 23:00:00,1725750000000,207419.49464999998,0.0
888,2024-09-08 00:00:00,1725753600000,207436.00465,0.0
889,2024-09-08 01:00:00,1725757200000,207452.4994,0.0
890,2024-09-08 02:00:00,1725760800000,207468.99414999998,0.0
891,2024-09-08 03:00:00,1725764400000,207490.99730000002,0.0
892,2024-09-08 04:00:00,1725768000000,207519.50074999998,0.0
893,2024-09-08 05:00:00,1725771600000,207554.9927,0.0
894,2024-09-08 06:00:00,1725775200000,207595.50475,0.0
895,2024-09-08 07:00:00,1725778800000,207637.49695,0.0
896,2024-09-08 08:00:00,1725782400000,207682.00685,0.0
897,2024-09-08 09:00:00,1725786000000,207728.50035,0.0
898,2024-09-08 10:00:00,1725789600000,207776.99279999998,0.0
899,2024-09-08 11:00:00,1725793200000,207824.00515,0.0
900,2024-09-08 12:00:00,1725796800000,207868.49975000002,0.0
901,2024-09-08 13:00:00,1725800400000,207906.49414999998,0.0
902,2024-09-08 14:00:00,1725804000000,207938.99535,0.0
903,2024-09-08 15:00:00,1725807600000,207969.4977,0.0
904,2024-09-08 16:00:00,1725811200000,207998.00110000002,0.0
905,2024-09-08 17:00:00,1725814800000,208022.5067,0.0
906,2024-09-08 18:00:00,1725818400000,208038.49790000002,0.0
907,2024-09-08 19:00:00,1725822000000,208051.4984,0.0
908,2024-09-08 20:00:00,1725825600000,208065.506,0.0
909,2024-09-08 21:00:00,1725829200000,208079.4983,0.0
910,2024-09-08 22:00:00,1725832800000,208093.0023,0.0
911,2024-09-08 23:00:00,1725836400000,208106.50634999998,0.0
912,2024-09-09 00:00:00,1725840000000,208120.49865,0.0
913,2024-09-09 01:00:00,1725843600000,208135.49805,0.0
914,2024-09-09 02:00:00,1725847200000,208150.49745,0.0
915,2024-09-09 03:00:00,1725850800000,208169.49464999998,0.0
916,2024-09-09 04:00:00,1725854400000,208194.5038,0.0
917,2024-09-09 05:00:00,1725858000000,208229.50745,0.0
918,2024-09-09 06:00:00,1725861600000,208267.50185,0.0
919,2024-09-09 07:00:00,1725865200000,208305.99975000002,0.0
920,2024-09-09 08:00:00,1725868800000,208343.50585000002,0.0
921,2024-09-09 09:00:00,1725872400000,208381.50024999998,0.0
922,2024-09-09 10:00:00,1725876000000,208419.99815,0.0
923,2024-09-09 11:00:00,1725879600000,208456.4972,0.0
924,2024-09-09 12:00:00,1725883200000,208492.9962,0.0
925,2024-09-09 13:00:00,1725886800000,208524.00209999998,0.0
926,2024-09-09 14:00:00,1725890400000,208553.49730000002,0.0
927,2024-09-09 15:00:00,1725894000000,208581.4972,0.0
928,2024-09-09 16:00:00,1725897600000,208602.99685000003,0.0
929,2024-09-09 17:00:00,1725901200000,208623.99289999998,0.0
930,2024-09-09 18:00:00,1725904800000,208640.50295000002,0.0
931,2024-09-09 19:00:00,1725908400000,208651.00100000002,0.0
932,2024-09-09 20:00:00,1725912000000,208660.99550000002,0.0
933,2024-09-09 21:00:00,1725915600000,208671.00525000002,0.0
934,2024-09-09 22:00:00,1725919200000,208680.99975000002,0.0
935,2024-09-09 23:00:00,1725922800000,208690.99425,0.0
936,2024-09-10 00:00:00,1725926400000,208701.50755,0.0
937,2024-09-10 01:00:00,1725930000000,208712.0056,0.0
938,2024-09-10 02:00:00,1725933600000,208722.0001,0.0
939,2024-09-10 03:00:00,1725937200000,208740.0055,0.0
940,2024-09-10 04:00:00,1725940800000,208769.50074999998,0.0
941,2024-09-10 05:00:00,1725944400000,208803.49730000002,0.0
942,2024-09-10 06:00:00,1725948000000,208841.00340000002,0.0
943,2024-09-10 07:00:00,1725951600000,208880.9967,0.0
944,2024-09-10 08:00:00,1725955200000,208923.99595,0.0
945,2024-09-10 09:00:00,1725958800000,208970.99305,0.0
946,2024-09-10 10:00:00,1725962400000,209020.9961,0.0
947,2024-09-10 11:00:00,1725966000000,209070.4956,0.0
948,2024-09-10 12:00:00,1725969600000,209116.50084999998,0.0
949,2024-09-10 13:00:00,1725973200000,209154.49525,0.0
950,2024-09-10 14:00:00,1725976800000,209187.5,0.0
951,2024-09-10 15:00:00,1725980400000,209217.4988,0.0
952,2024-09-10 16:00:00,1725984000000,209245.49865,0.0
953,2024-09-10 17:00:00,1725987600000,209266.49474999998,0.0
954,2024-09-10 18:00:00,1725991200000,209281.49414999998,0.0
955,2024-09-10 19:00:00,1725994800000,209294.99815,0.0
956,2024-09-10 20:00:00,1725998400000,209307.00685,0.0
957,2024-09-10 21:00:00,1726002000000,209319.00024999998,0.0
958,2024-09-10 22:00:00,1726005600000,209332.00074999998,0.0
959,2024-09-10 23:00:00,1726009200000,209344.4977,0.0
960,2024-09-11 00:00:00,1726012800000,209356.0028,0.0
961,2024-09-11 01:00:00,1726016400000,209368.49975000002,0.0
962,2024-09-11 02:00:00,1726020000000,209380.49315,0.0
963,2024-09-11 03:00:00,1726023600000,209399.5056,0.0
964,2024-09-11 04:00:00,1726027200000,209423.00415,0.0
965,2024-09-11 05:00:00,1726030800000,209449.99695,0.0
966,2024-09-11 06:00:00,1726034400000,209481.0028,0.0
967,2024-09-11 07:00:00,1726038000000,209516.49474999998,0.0
968,2024-09-11 08:00:00,1726041600000,209555.99975000002,0.0
969,2024-09-11 09:00:00,1726045200000,209595.99305,0.0
970,2024-09-11 10:00:00,1726048800000,209636.50515,0.0
971,2024-09-11 11:00:00,1726052400000,209677.99375000002,0.0
972,2024-09-11 12:00:00,1726056000000,209716.99525,0.0
973,2024-09-11 13:00:00,1726059600000,209747.49755,0.0
974,2024-09-11 14:00:00,1726063200000,209779.9988,0.0
975,2024-09-11 15:00:00,1726066800000,209809.99755,0.0
976,2024-09-11 16:00:00,1726070400000,209835.99855,0.0
977,2024-09-11 17:00:00,1726074000000,209858.50525000002,0.0
978,2024-09-11 18:00:00,1726077600000,209876.00710000002,0.0
979,2024-09-11 19:00:00,1726081200000,209890.50295000002,0.0
980,2024-09-11 20:00:00,1726084800000,209904.9988,0.0
981,2024-09-11 21:00:00,1726088400000,209919.99815,0.0
982,2024-09-11 22:00:00,1726092000000,209934.00575,0.0
983,2024-09-11 23:00:00,1726095600000,209947.99805,0.0
984,2024-09-12 00:00:00,1726099200000,209962.99745,0.0
985,2024-09-12 01:00:00,1726102800000,209977.005,0.0
986,2024-09-12 02:00:00,1726106400000,209991.50084999998,0.0
987,2024-09-12 03:00:00,1726110000000,210009.00269999998,0.0
988,2024-09-12 04:00:00,1726113600000,210027.9999,0.0
989,2024-09-12 05:00:00,1726117200000,210046.99704999998,0.0
990,2024-09-12 06:00:00,1726120800000,210065.506,0.0
991,2024-09-12 07:00:00,1726124400000,210083.99965,0.0
992,2024-09-12 08:00:00,1726128000000,210104.0039,0.0
993,2024-09-12 09:00:00,1726131600000,210123.99289999998,0.0
994,2024-09-12 10:00:00,1726135200000,210143.49365000002,0.0
995,2024-09-12 11:00:00,1726138800000,210164.505,0.0
996,2024-09-12 12:00:00,1726142400000,210185.50110000002,0.0
997,2024-09-12 13:00:00,1726146000000,210201.99585,0.0
998,2024-09-12 14:00:00,1726149600000,210218.0023,0.0
999,2024-09-12 15:00:00,1726153200000,210234.49704999998,0.0
1000,2024-09-12 16:00:00,1726156800000,210251.49535,0.0
1001,2024-09-12 17:00:00,1726160400000,210268.00535000002,0.0
1002,2024-09-12 18:00:00,1726164000000,210283.00475,0.0
1003,2024-09-12 19:00:00,1726167600000,210294.49464999998,0.0
1004,2024-09-12 20:00:00,1726171200000,210304.00084999998,0.0
1005,2024-09-12 21:00:00,1726174800000,210313.50710000002,0.0
1006,2024-09-12 22:00:00,1726178400000,210323.5016,0.0
1007,2024-09-12 23:00:00,1726182000000,210332.99255,0.0
1008,2024-09-13 00:00:00,1726185600000,210343.0023,0.0
1009,2024-09-13 01:00:00,1726189200000,210352.99685000003,0.0
1010,2024-09-13 02:00:00,1726192800000,210363.0066,0.0
1011,2024-09-13 03:00:00,1726196400000,210376.49535,0.0
1012,2024-09-13 04:00:00,1726200000000,210389.9994,0.0
1013,2024-09-13 05:00:00,1726203600000,210404.9988,0.0
1014,2024-09-13 06:00:00,1726207200000,210421.00525000002,0.0
1015,2024-09-13 07:00:00,1726210800000,210438.00355,0.0
1016,2024-09-13 08:00:00,1726214400000,210453.50645,0.0
1017,2024-09-13 09:00:00,1726218000000,210472.50365,0.0
1018,2024-09-13 10:00:00,1726221600000,210492.0044,0.0
1019,2024-09-13 11:00:00,1726225200000,210511.50515,0.0
1020,2024-09-13 12:00:00,1726228800000,210531.00585000002,0.0
1021,2024-09-13 13:00:00,1726232400000,210548.00415,0.0
1022,2024-09-13 14:00:00,1726236000000,210563.00355,0.0
1023,2024-09-13 15:00:00,1726239600000,210576.00405,0.0
1024,2024-09-13 16:00:00,1726243200000,210589.49279999998,0.0
1025,2024-09-13 17:00:00,1726246800000,210603.50035,0.0
1026,2024-09-13 18:00:00,1726250400000,210617.0044,0.0
1027,2024-09-13 19:00:00,1726254000000,210628.49425,0.0
1028,2024-09-13 20:00:00,1726257600000,210639.00755,0.0
1029,2024-09-13 21:00:00,1726261200000,210649.5056,0.0
1030,2024-09-13 22:00:00,1726264800000,210660.00365,0.0
1031,2024-09-13 23:00:00,1726268400000,210670.5017,0.0
1032,2024-09-14 00:00:00,1726272000000,210681.5033,0.0
1033,2024-09-14 01:00:00,1726275600000,210692.5049,0.0
1034,2024-09-14 02:00:00,1726279200000,210703.99474999998,0.0
1035,2024-09-14 03:00:00,1726282800000,210720.50475,0.0
1036,2024-09-14 04:00:00,1726286400000,210747.49755,0.0
1037,2024-09-14 05:00:00,1726290000000,210780.5023,0.0
1038,2024-09-14 06:00:00,1726293600000,210821.50269999998,0.0
1039,2024-09-14 07:00:00,1726297200000,210863.49485,0.0
1040,2024-09-14 08:00:00,1726300800000,210909.5001,0.0
1041,2024-09-14 09:00:00,1726304400000,210955.50535000002,0.0
1042,2024-09-14 10:00:00,1726308000000,211001.49535,0.0
1043,2024-09-14 11:00:00,1726311600000,211048.49245,0.0
1044,2024-09-14 12:00:00,1726315200000,211093.50585000002,0.0
1045,2024-09-14 13:00:00,1726318800000,211129.50135,0.0
1046,2024-09-14 14:00:00,1726322400000,211162.9944,0.0
1047,2024-09-14 15:00:00,1726326000000,211197.99805,0.0
1048,2024-09-14 16:00:00,1726329600000,211226.50145,0.0
1049,2024-09-14 17:00:00,1726333200000,211251.00710000002,0.0
1050,2024-09-14 18:00:00,1726336800000,211272.00314999997,0.0
1051,2024-09-14 19:00:00,1726340400000,211289.505,0.0
1052,2024-09-14 20:00:00,1726344000000,211304.5044,0.0
1053,2024-09-14 21:00:00,1726347600000,211319.00024999998,0.0
1054,2024-09-14 22:00:00,1726351200000,211333.4961,0.0
1055,2024-09-14 23:00:00,1726354800000,211348.00720000002,0.0
1056,2024-09-15 00:00:00,1726358400000,211363.49485,0.0
1057,2024-09-15 01:00:00,1726362000000,211378.49425,0.0
1058,2024-09-15 02:00:00,1726365600000,211393.00535000002,0.0
1059,2024-09-15 03:00:00,1726369200000,211412.5061,0.0
1060,2024-09-15 04:00:00,1726372800000,211443.4967,0.0
1061,2024-09-15 05:00:00,1726376400000,211475.0061,0.0
1062,2024-09-15 06:00:00,1726380000000,211514.00755,0.0
1063,2024-09-15 07:00:00,1726383600000,211560.50110000002,0.0
1064,2024-09-15 08:00:00,1726387200000,211606.50634999998,0.0
1065,2024-09-15 09:00:00,1726390800000,211651.00100000002,0.0
1066,2024-09-15 10:00:00,1726394400000,211699.99695,0.0
1067,2024-09-15 11:00:00,1726398000000,211744.50685,0.0
1068,2024-09-15 12:00:00,1726401600000,211787.9944,0.0
1069,2024-09-15 13:00:00,1726405200000,211822.99805,0.0
1070,2024-09-15 14:00:00,1726408800000,211856.50634999998,0.0
1071,2024-09-15 15:00:00,1726412400000,211887.49695,0.0
1072,2024-09-15 16:00:00,1726416000000,211912.9944,0.0
1073,2024-09-15 17:00:00,1726419600000,211936.99645,0.0
1074,2024-09-15 18:00:00,1726423200000,211955.50535000002,0.0
1075,2024-09-15 19:00:00,1726426800000,211968.0023,0.0
1076,2024-09-15 20:00:00,1726430400000,211979.50745,0.0
1077,2024-09-15 21:00:00,1726434000000,211990.49375000002,0.0
1078,2024-09-15 22:00:00,1726437600000,212001.49535,0.0
1079,2024-09-15 23:00:00,1726441200000,212012.49695,0.0
1080,2024-09-16 00:00:00,1726444800000,212022.995,0.0
1081,2024-09-16 01:00:00,1726448400000,212033.99659999998,0.0
1082,2024-09-16 02:00:00,1726452000000,212044.99815,0.0
1083,2024-09-16 03:00:00,1726455600000,212061.49289999998,0.0
1084,2024-09-16 04:00:00,1726459200000,212088.50100000002,0.0
1085,2024-09-16 05:00:00,1726462800000,212121.0022,0.0
1086,2024-09-16 06:00:00,1726466400000,212160.99550000002,0.0
1087,2024-09-16 07:00:00,1726470000000,212214.49279999998,0.0
1088,2024-09-16 08:00:00,1726473600000,212272.00314999997,0.0
1089,2024-09-16 09:00:00,1726477200000,212325.5005,0.0
1090,2024-09-16 10:00:00,1726480800000,212376.49535,0.0
1091,2024-09-16 11:00:00,1726484400000,212427.5055,0.0
1092,2024-09-16 12:00:00,1726488000000,212479.50745,0.0
1093,2024-09-16 13:00:00,1726491600000,212520.9961,0.0
1094,2024-09-16 14:00:00,1726495200000,212554.5044,0.0
1095,2024-09-16 15:00:00,1726498800000,212583.4961,0.0
1096,2024-09-16 16:00:00,1726502400000,212610.99245,0.0
1097,2024-09-16 17:00:00,1726506000000,212635.49805,0.0
1098,2024-09-16 18:00:00,1726509600000,212658.00475,0.0
1099,2024-09-16 19:00:00,1726513200000,212673.00415,0.0
1100,2024-09-16 20:00:00,1726516800000,212685.50110000002,0.0
1101,2024-09-16 21:00:00,1726520400000,212697.99805,0.0
1102,2024-09-16 22:00:00,1726524000000,212709.50314999997,0.0
1103,2024-09-16 23:00:00,1726527600000,212722.0001,0.0
1104,2024-09-17 00:00:00,1726531200000,212733.99355,0.0
1105,2024-09-17 01:00:00,1726534800000,212746.50575,0.0
1106,2024-09-17 02:00:00,1726538400000,212759.00269999998,0.0
1107,2024-09-17 03:00:00,1726542000000,212776.99279999998,0.0
1108,2024-09-17 04:00:00,1726545600000,212803.49730000002,0.0
1109,2024-09-17 05:00:00,1726549200000,212837.4939,0.0
1110,2024-09-17 06:00:00,1726552800000,212882.0038,0.0
1111,2024-09-17 07:00:00,1726556400000,212928.49730000002,0.0
1112,2024-09-17 08:00:00,1726560000000,212976.50145,0.0
1113,2024-09-17 09:00:00,1726563600000,213022.995,0.0
1114,2024-09-17 10:00:00,1726567200000,213074.99695,0.0
1115,2024-09-17 11:00:00,1726570800000,213126.99889999998,0.0
1116,2024-09-17 12:00:00,1726574400000,213177.00195,0.0
1117,2024-09-17 13:00:00,1726578000000,213220.50475,0.0
1118,2024-09-17 14:00:00,1726581600000,213258.49915000002,0.0
1119,2024-09-17 15:00:00,1726585200000,213294.49464999998,0.0
1120,2024-09-17 16:00:00,1726588800000,213322.4945,0.0
1121,2024-09-17 17:00:00,1726592400000,213348.99899999998,0.0
1122,2024-09-17 18:00:00,1726596000000,213369.50685,0.0
1123,2024-09-17 19:00:00,1726599600000,213385.49805,0.0
1124,2024-09-17 20:00:00,1726603200000,213401.00100000002,0.0
1125,2024-09-17 21:00:00,1726606800000,213417.00745,0.0
1126,2024-09-17 22:00:00,1726610400000,213432.4951,0.0
1127,2024-09-17 23:00:00,1726614000000,213449.4934,0.0
1128,2024-09-18 00:00:00,1726617600000,213466.00340000002,0.0
1129,2024-09-18 01:00:00,1726621200000,213481.99464999998,0.0
1130,2024-09-18 02:00:00,1726624800000,213498.00110000002,0.0
1131,2024-09-18 03:00:00,1726628400000,213518.00535000002,0.0
1132,2024-09-18 04:00:00,1726632000000,213541.5039,0.0
1133,2024-09-18 05:00:00,1726635600000,213569.00024999998,0.0
1134,2024-09-18 06:00:00,1726639200000,213602.4933,0.0
1135,2024-09-18 07:00:00,1726642800000,213638.0005,0.0
1136,2024-09-18 08:00:00,1726646400000,213673.00415,0.0
1137,2024-09-18 09:00:00,1726650000000,213708.4961,0.0
1138,2024-09-18 10:00:00,1726653600000,213745.49865,0.0
1139,2024-09-18 11:00:00,1726657200000,213785.00365,0.0
1140,2024-09-18 12:00:00,1726660800000,213824.00515,0.0
1141,2024-09-18 13:00:00,1726664400000,213860.0006,0.0
1142,2024-09-18 14:00:00,1726668000000,213893.00535000002,0.0
1143,2024-09-18 15:00:00,1726671600000,213921.00525000002,0.0
1144,2024-09-18 16:00:00,1726675200000,213947.00624999998,0.0
1145,2024-09-18 17:00:00,1726678800000,213968.99414999998,0.0
1146,2024-09-18 18:00:00,1726682400000,213990.49375000002,0.0
1147,2024-09-18 19:00:00,1726686000000,214005.49315,0.0
1148,2024-09-18 20:00:00,1726689600000,214018.9972,0.0
1149,2024-09-18 21:00:00,1726693200000,214031.9977,0.0
1150,2024-09-18 22:00:00,1726696800000,214045.5017,0.0
1151,2024-09-18 23:00:00,1726700400000,214058.5022,0.0
1152,2024-09-19 00:00:00,1726704000000,214072.4945,0.0
1153,2024-09-19 01:00:00,1726707600000,214085.99855,0.0
1154,2024-09-19 02:00:00,1726711200000,214100.0061,0.0
1155,2024-09-19 03:00:00,1726714800000,214117.9962,0.0
1156,2024-09-19 04:00:00,1726718400000,214136.50515,0.0
1157,2024-09-19 05:00:00,1726722000000,214155.5023,0.0
1158,2024-09-19 06:00:00,1726725600000,214175.5066,0.0
1159,2024-09-19 07:00:00,1726729200000,214197.99805,0.0
1160,2024-09-19 08:00:00,1726732800000,214221.49659999998,0.0
1161,2024-09-19 09:00:00,1726736400000,214246.50575,0.0
1162,2024-09-19 10:00:00,1726740000000,214271.49965,0.0
1163,2024-09-19 11:00:00,1726743600000,214298.49245,0.0
1164,2024-09-19 12:00:00,1726747200000,214326.50755,0.0
1165,2024-09-19 13:00:00,1726750800000,214351.50145,0.0
1166,2024-09-19 14:00:00,1726754400000,214379.50135,0.0
1167,2024-09-19 15:00:00,1726758000000,214406.49414999998,0.0
1168,2024-09-19 16:00:00,1726761600000,214432.00685,0.0
1169,2024-09-19 17:00:00,1726765200000,214451.50755,0.0
1170,2024-09-19 18:00:00,1726768800000,214469.4977,0.0
1171,2024-09-19 19:00:00,1726772400000,214483.99355,0.0
1172,2024-09-19 20:00:00,1726776000000,214499.49645,0.0
1173,2024-09-19 21:00:00,1726779600000,214514.00755,0.0
1174,2024-09-19 22:00:00,1726783200000,214529.00695,0.0
1175,2024-09-19 23:00:00,1726786800000,214544.49464999998,0.0
1176,2024-09-20 00:00:00,1726790400000,214560.50110000002,0.0
1177,2024-09-20 01:00:00,1726794000000,214576.00405,0.0
1178,2024-09-20 02:00:00,1726797600000,214591.99525,0.0
1179,2024-09-20 03:00:00,1726801200000,214610.99245,0.0
1180,2024-09-20 04:00:00,1726804800000,214630.49315,0.0
1181,2024-09-20 05:00:00,1726808400000,214649.9939,0.0
1182,2024-09-20 06:00:00,1726812000000,214669.49464999998,0.0
1183,2024-09-20 07:00:00,1726815600000,214689.49889999998,0.0
1184,2024-09-20 08:00:00,1726819200000,214708.99965,0.0
1185,2024-09-20 09:00:00,1726822800000,214729.0039,0.0
1186,2024-09-20 10:00:00,1726826400000,214748.50465,0.0
1187,2024-09-20 11:00:00,1726830000000,214770.49255,0.0
1188,2024-09-20 12:00:00,1726833600000,214794.00634999998,0.0
1189,2024-09-20 13:00:00,1726837200000,214813.00355,0.0
1190,2024-09-20 14:00:00,1726840800000,214832.50425,0.0
1191,2024-09-20 15:00:00,1726844400000,214852.005,0.0
1192,2024-09-20 16:00:00,1726848000000,214871.0022,0.0
1193,2024-09-20 17:00:00,1726851600000,214890.50295000002,0.0
1194,2024-09-20 18:00:00,1726855200000,214908.00475,0.0
1195,2024-09-20 19:00:00,1726858800000,214924.4995,0.0
1196,2024-09-20 20:00:00,1726862400000,214940.506,0.0
1197,2024-09-20 21:00:00,1726866000000,214955.50535000002,0.0
1198,2024-09-20 22:00:00,1726869600000,214970.50475,0.0
1199,2024-09-20 23:00:00,1726873200000,214985.99245,0.0
1200,2024-09-21 00:00:00,1726876800000,215001.99889999998,0.0
1201,2024-09-21 01:00:00,1726880400000,215018.00535000002,0.0
1202,2024-09-21 02:00:00,1726884000000,215033.49305,0.0
1203,2024-09-21 03:00:00,1726887600000,215050.5066,0.0
1204,2024-09-21 04:00:00,1726891200000,215070.4956,0.0
1205,2024-09-21 05:00:00,1726894800000,215089.99635,0.0
1206,2024-09-21 06:00:00,1726898400000,215108.99355,0.0
1207,2024-09-21 07:00:00,1726902000000,215128.49425,0.0
1208,2024-09-21 08:00:00,1726905600000,215149.9939,0.0
1209,2024-09-21 09:00:00,1726909200000,215171.99704999998,0.0
1210,2024-09-21 10:00:00,1726912800000,215192.00135,0.0
1211,2024-09-21 11:00:00,1726916400000,215213.50100000002,0.0
1212,2024-09-21 12:00:00,1726920000000,215235.99245,0.0
1213,2024-09-21 13:00:00,1726923600000,215256.50024999998,0.0
1214,2024-09-21 14:00:00,1726927200000,215275.49745,0.0
1215,2024-09-21 15:00:00,1726930800000,215293.5028,0.0
1216,2024-09-21 16:00:00,1726934400000,215310.50110000002,0.0
1217,2024-09-21 17:00:00,1726938000000,215328.50645,0.0
1218,2024-09-21 18:00:00,1726941600000,215347.0001,0.0
1219,2024-09-21 19:00:00,1726945200000,215360.99245,0.0
1220,2024-09-21 20:00:00,1726948800000,215373.50465,0.0
1221,2024-09-21 21:00:00,1726952400000,215386.0016,0.0
1222,2024-09-21 22:00:00,1726956000000,215398.49855,0.0
1223,2024-09-21 23:00:00,1726959600000,215411.49899999998,0.0
1224,2024-09-22 00:00:00,1726963200000,215423.99595,0.0
1225,2024-09-22 01:00:00,1726966800000,215436.99645,0.0
1226,2024-09-22 02:00:00,1726970400000,215449.99695,0.0
1227,2024-09-22 03:00:00,1726974000000,215466.50695,0.0
1228,2024-09-22 04:00:00,1726977600000,215498.00110000002,0.0
1229,2024-09-22 05:00:00,1726981200000,215536.49899999998,0.0
1230,2024-09-22 06:00:00,1726984800000,215579.4983,0.0
1231,2024-09-22 07:00:00,1726988400000,215626.00710000002,0.0
1232,2024-09-22 08:00:00,1726992000000,215675.99485,0.0
1233,2024-09-22 09:00:00,1726995600000,215725.0061,0.0
1234,2024-09-22 10:00:00,1726999200000,215778.50340000002,0.0
1235,2024-09-22 11:00:00,1727002800000,215832.99255,0.0
1236,2024-09-22 12:00:00,1727006400000,215884.50624999998,0.0
1237,2024-09-22 13:00:00,1727010000000,215929.00084999998,0.0
1238,2024-09-22 14:00:00,1727013600000,215964.00449999998,0.0
1239,2024-09-22 15:00:00,1727017200000,215996.994,0.0
1240,2024-09-22 16:00:00,1727020800000,216024.00209999998,0.0
1241,2024-09-22 17:00:00,1727024400000,216051.4984,0.0
1242,2024-09-22 18:00:00,1727028000000,216075.5005,0.0
1243,2024-09-22 19:00:00,1727031600000,216091.00340000002,0.0
1244,2024-09-22 20:00:00,1727035200000,216105.49925000002,0.0
1245,2024-09-22 21:00:00,1727038800000,216119.9951,0.0
1246,2024-09-22 22:00:00,1727042400000,216134.00269999998,0.0
1247,2024-09-22 23:00:00,1727046000000,216149.00209999998,0.0
1248,2024-09-23 00:00:00,1727049600000,216164.00145,0.0
1249,2024-09-23 01:00:00,1727053200000,216179.5044,0.0
1250,2024-09-23 02:00:00,1727056800000,216194.00024999998,0.0
1251,2024-09-23 03:00:00,1727060400000,216212.0056,0.0
1252,2024-09-23 04:00:00,1727064000000,216246.994,0.0
1253,2024-09-23 05:00:00,1727067600000,216287.5061,0.0
1254,2024-09-23 06:00:00,1727071200000,216331.4972,0.0
1255,2024-09-23 07:00:00,1727074800000,216380.0049,0.0
1256,2024-09-23 08:00:00,1727078400000,216427.5055,0.0
1257,2024-09-23 09:00:00,1727082000000,216477.4933,0.0
1258,2024-09-23 10:00:00,1727085600000,216525.49745,0.0
1259,2024-09-23 11:00:00,1727089200000,216572.99805,0.0
1260,2024-09-23 12:00:00,1727092800000,216617.0044,0.0
1261,2024-09-23 13:00:00,1727096400000,216656.9977,0.0
1262,2024-09-23 14:00:00,1727100000000,216690.00245,0.0
1263,2024-09-23 15:00:00,1727103600000,216724.50255,0.0
1264,2024-09-23 16:00:00,1727107200000,216757.5073,0.0
1265,2024-09-23 17:00:00,1727110800000,216791.00035,0.0
1266,2024-09-23 18:00:00,1727114400000,216817.5049,0.0
1267,2024-09-23 19:00:00,1727118000000,216836.50209999998,0.0
1268,2024-09-23 20:00:00,1727121600000,216852.4933,0.0
1269,2024-09-23 21:00:00,1727125200000,216868.49975000002,0.0
1270,2024-09-23 22:00:00,1727128800000,216884.9945,0.0
1271,2024-09-23 23:00:00,1727132400000,216901.00100000002,0.0
1272,2024-09-24 00:00:00,1727136000000,216917.99925000002,0.0
1273,2024-09-24 01:00:00,1727139600000,216934.00575,0.0
1274,2024-09-24 02:00:00,1727143200000,216950.5005,0.0
1275,2024-09-24 03:00:00,1727146800000,216970.0012,0.0
1276,2024-09-24 04:00:00,1727150400000,217003.9978,0.0
1277,2024-09-24 05:00:00,1727154000000,217044.99815,0.0
1278,2024-09-24 06:00:00,1727157600000,217089.49279999998,0.0
1279,2024-09-24 07:00:00,1727161200000,217133.49915000002,0.0
1280,2024-09-24 08:00:00,1727164800000,217182.99865,0.0
1281,2024-09-24 09:00:00,1727168400000,217233.0017,0.0
1282,2024-09-24 10:00:00,1727172000000,217281.00585000002,0.0
1283,2024-09-24 11:00:00,1727175600000,217332.50425,0.0
1284,2024-09-24 12:00:00,1727179200000,217382.9956,0.0
1285,2024-09-24 13:00:00,1727182800000,217429.5044,0.0
1286,2024-09-24 14:00:00,1727186400000,217466.00340000002,0.0
1287,2024-09-24 15:00:00,1727190000000,217502.50245,0.0
1288,2024-09-24 16:00:00,1727193600000,217535.00365,0.0
1289,2024-09-24 17:00:00,1727197200000,217566.4978,0.0
1290,2024-09-24 18:00:00,1727200800000,217593.0023,0.0
1291,2024-09-24 19:00:00,1727204400000,217608.0017,0.0
1292,2024-09-24 20:00:00,1727208000000,217621.994,0.0
1293,2024-09-24 21:00:00,1727211600000,217636.0016,0.0
1294,2024-09-24 22:00:00,1727215200000,217649.9939,0.0
1295,2024-09-24 23:00:00,1727218800000,217664.505,0.0
1296,2024-09-25 00:00:00,1727222400000,217678.49730000002,0.0
1297,2024-09-25 01:00:00,1727226000000,217692.99315,0.0
1298,2024-09-25 02:00:00,1727229600000,217707.50425,0.0
1299,2024-09-25 03:00:00,1727233200000,217723.99899999998,0.0
1300,2024-09-25 04:00:00,1727236800000,217745.49865,0.0
1301,2024-09-25 05:00:00,1727240400000,217772.995,0.0
1302,2024-09-25 06:00:00,1727244000000,217805.99975000002,0.0
1303,2024-09-25 07:00:00,1727247600000,217839.49279999998,0.0
1304,2024-09-25 08:00:00,1727251200000,217876.00710000002,0.0
1305,2024-09-25 09:00:00,1727254800000,217916.5039,0.0
1306,2024-09-25 10:00:00,1727258400000,217957.99255,0.0
1307,2024-09-25 11:00:00,1727262000000,218001.00710000002,0.0
1308,2024-09-25 12:00:00,1727265600000,218041.00035,0.0
1309,2024-09-25 13:00:00,1727269200000,218079.4983,0.0
1310,2024-09-25 14:00:00,1727272800000,218117.0044,0.0
1311,2024-09-25 15:00:00,1727276400000,218150.49745,0.0
1312,2024-09-25 16:00:00,1727280000000,218179.9927,0.0
1313,2024-09-25 17:00:00,1727283600000,218205.99365000002,0.0
1314,2024-09-25 18:00:00,1727287200000,218229.0039,0.0
1315,2024-09-25 19:00:00,1727290800000,218247.49755,0.0
1316,2024-09-25 20:00:00,1727294400000,218265.50295000002,0.0
1317,2024-09-25 21:00:00,1727298000000,218282.5012,0.0
1318,2024-09-25 22:00:00,1727301600000,218298.49245,0.0
1319,2024-09-25 23:00:00,1727305200000,218315.00245,0.0
1320,2024-09-26 00:00:00,1727308800000,218332.00074999998,0.0
1321,2024-09-26 01:00:00,1727312400000,218348.99899999998,0.0
1322,2024-09-26 02:00:00,1727316000000,218365.49375000002,0.0
1323,2024-09-26 03:00:00,1727319600000,218384.00269999998,0.0
1324,2024-09-26 04:00:00,1727323200000,218403.50340000002,0.0
1325,2024-09-26 05:00:00,1727326800000,218425.99485,0.0
1326,2024-09-26 06:00:00,1727330400000,218449.4934,0.0
1327,2024-09-26 07:00:00,1727334000000,218477.4933,0.0
1328,2024-09-26 08:00:00,1727337600000,218506.50024999998,0.0
1329,2024-09-26 09:00:00,1727341200000,218537.5061,0.0
1330,2024-09-26 10:00:00,1727344800000,218570.99915000002,0.0
1331,2024-09-26 11:00:00,1727348400000,218604.99575,0.0
1332,2024-09-26 12:00:00,1727352000000,218638.50405,0.0
1333,2024-09-26 13:00:00,1727355600000,218670.5017,0.0
1334,2024-09-26 14:00:00,1727359200000,218703.50645,0.0
1335,2024-09-26 15:00:00,1727362800000,218734.49704999998,0.0
1336,2024-09-26 16:00:00,1727366400000,218765.50295000002,0.0
1337,2024-09-26 17:00:00,1727370000000,218789.505,0.0
1338,2024-09-26 18:00:00,1727373600000,218808.5022,0.0
1339,2024-09-26 19:00:00,1727377200000,218824.99695,0.0
1340,2024-09-26 20:00:00,1727380800000,218839.99635,0.0
1341,2024-09-26 21:00:00,1727384400000,218855.49925000002,0.0
1342,2024-09-26 22:00:00,1727388000000,218870.49865,0.0
1343,2024-09-26 23:00:00,1727391600000,218886.9934,0.0
1344,2024-09-27 00:00:00,1727395200000,218902.49635,0.0
1345,2024-09-27 01:00:00,1727398800000,218917.99925000002,0.0
1346,2024-09-27 02:00:00,1727402400000,218934.00575,0.0
1347,2024-09-27 03:00:00,1727406000000,218951.50755,0.0
1348,2024-09-27 04:00:00,1727409600000,218970.99305,0.0
1349,2024-09-27 05:00:00,1727413200000,218990.49375000002,0.0
1350,2024-09-27 06:00:00,1727416800000,219010.49805,0.0
1351,2024-09-27 07:00:00,1727420400000,219030.5023,0.0
1352,2024-09-27 08:00:00,1727424000000,219052.99375000002,0.0
1353,2024-09-27 09:00:00,1727427600000,219074.99695,0.0
1354,2024-09-27 10:00:00,1727431200000,219099.50255,0.0
1355,2024-09-27 11:00:00,1727434800000,219125.0,0.0
1356,2024-09-27 12:00:00,1727438400000,219149.5056,0.0
1357,2024-09-27 13:00:00,1727442000000,219173.49245,0.0
1358,2024-09-27 14:00:00,1727445600000,219195.4956,0.0
1359,2024-09-27 15:00:00,1727449200000,219216.99525,0.0
1360,2024-09-27 16:00:00,1727452800000,219240.49375000002,0.0
1361,2024-09-27 17:00:00,1727456400000,219263.50405,0.0
1362,2024-09-27 18:00:00,1727460000000,219284.5001,0.0
1363,2024-09-27 19:00:00,1727463600000,219300.5066,0.0
1364,2024-09-27 20:00:00,1727467200000,219315.99425,0.0
1365,2024-09-27 21:00:00,1727470800000,219330.50535000002,0.0
1366,2024-09-27 22:00:00,1727474400000,219344.4977,0.0
1367,2024-09-27 23:00:00,1727478000000,219358.99355,0.0
1368,2024-09-28 00:00:00,1727481600000,219373.50465,0.0
1369,2024-09-28 01:00:00,1727485200000,219388.50405,0.0
1370,2024-09-28 02:00:00,1727488800000,219403.50340000002,0.0
1371,2024-09-28 03:00:00,1727492400000,219423.99595,0.0
1372,2024-09-28 04:00:00,1727496000000,219456.4972,0.0
1373,2024-09-28 05:00:00,1727499600000,219497.49755,0.0
1374,2024-09-28 06:00:00,1727503200000,219543.5028,0.0
1375,2024-09-28 07:00:00,1727506800000,219593.0023,0.0
1376,2024-09-28 08:00:00,1727510400000,219641.49474999998,0.0
1377,2024-09-28 09:00:00,1727514000000,219690.506,0.0
1378,2024-09-28 10:00:00,1727517600000,219737.50305,0.0
1379,2024-09-28 11:00:00,1727521200000,219786.49899999998,0.0
1380,2024-09-28 12:00:00,1727524800000,219832.50425,0.0
1381,2024-09-28 13:00:00,1727528400000,219873.99289999998,0.0
1382,2024-09-28 14:00:00,1727532000000,219910.50720000002,0.0
1383,2024-09-28 15:00:00,1727535600000,219940.00245,0.0
1384,2024-09-28 16:00:00,1727539200000,219968.0023,0.0
1385,2024-09-28 17:00:00,1727542800000,219992.9962,0.0
1386,2024-09-28 18:00:00,1727546400000,220013.0005,0.0
1387,2024-09-28 19:00:00,1727550000000,220028.50340000002,0.0
1388,2024-09-28 20:00:00,1727553600000,220043.5028,0.0
1389,2024-09-28 21:00:00,1727557200000,220058.5022,0.0
1390,2024-09-28 22:00:00,1727560800000,220074.00515,0.0
1391,2024-09-28 23:00:00,1727564400000,220089.49279999998,0.0
1392,2024-09-29 00:00:00,1727568000000,220105.49925000002,0.0
1393,2024-09-29 01:00:00,1727571600000,220121.0022,0.0
1394,2024-09-29 02:00:00,1727575200000,220136.9934,0.0
1395,2024-09-29 03:00:00,1727578800000,220157.5012,0.0
1396,2024-09-29 04:00:00,1727582400000,220188.00355,0.0
1397,2024-09-29 05:00:00,1727586000000,220223.49550000002,0.0
1398,2024-09-29 06:00:00,1727589600000,220264.49585,0.0
1399,2024-09-29 07:00:00,1727593200000,220306.5033,0.0
1400,2024-09-29 08:00:00,1727596800000,220352.005,0.0
1401,2024-09-29 09:00:00,1727600400000,220393.9972,0.0
1402,2024-09-29 10:00:00,1727604000000,220442.99315,0.0
1403,2024-09-29 11:00:00,1727607600000,220496.994,0.0
1404,2024-09-29 12:00:00,1727611200000,220544.99815,0.0
1405,2024-09-29 13:00:00,1727614800000,220590.4999,0.0
1406,2024-09-29 14:00:00,1727618400000,220629.50135,0.0
1407,2024-09-29 15:00:00,1727622000000,220664.9933,0.0
1408,2024-09-29 16:00:00,1727625600000,220695.99915000002,0.0
1409,2024-09-29 17:00:00,1727629200000,220726.50145,0.0
1410,2024-09-29 18:00:00,1727632800000,220749.49645,0.0
1411,2024-09-29 19:00:00,1727636400000,220761.9934,0.0
1412,2024-09-29 20:00:00,1727640000000,220773.49855,0.0
1413,2024-09-29 21:00:00,1727643600000,220785.00365,0.0
1414,2024-09-29 22:00:00,1727647200000,220796.49355,0.0
1415,2024-09-29 23:00:00,1727650800000,220807.99865,0.0
1416,2024-09-30 00:00:00,1727654400000,220820.4956,0.0
1417,2024-09-30 01:00:00,1727658000000,220832.00074999998,0.0
1418,2024-09-30 02:00:00,1727661600000,220843.99414999998,0.0
1419,2024-09-30 03:00:00,1727665200000,220861.9995,0.0
1420,2024-09-30 04:00:00,1727668800000,220886.0016,0.0
1421,2024-09-30 05:00:00,1727672400000,220915.49685000003,0.0
1422,2024-09-30 06:00:00,1727676000000,220953.00295000002,0.0
1423,2024-09-30 07:00:00,1727679600000,220992.4927,0.0
1424,2024-09-30 08:00:00,1727683200000,221037.5061,0.0
1425,2024-09-30 09:00:00,1727686800000,221076.50755,0.0
1426,2024-09-30 10:00:00,1727690400000,221115.99730000002,0.0
1427,2024-09-30 11:00:00,1727694000000,221157.5012,0.0
1428,2024-09-30 12:00:00,1727697600000,221194.5038,0.0
1429,2024-09-30 13:00:00,1727701200000,221228.50035,0.0
1430,2024-09-30 14:00:00,1727704800000,221259.9945,0.0
1431,2024-09-30 15:00:00,1727708400000,221290.49685000003,0.0
1432,2024-09-30 16:00:00,1727712000000,221319.5038,0.0
1433,2024-09-30 17:00:00,1727715600000,221345.99305,0.0
1434,2024-09-30 18:00:00,1727719200000,221369.0033,0.0
1435,2024-09-30 19:00:00,1727722800000,221383.49915000002,0.0
1436,2024-09-30 20:00:00,1727726400000,221396.49965,0.0
1437,2024-09-30 21:00:00,1727730000000,221410.00365,0.0
1438,2024-09-30 22:00:00,1727733600000,221423.49245,0.0
1439,2024-09-30 23:00:00,1727737200000,221437.5,0.0
1440,2024-10-01 00:00:00,1727740800000,221451.99585,0.0
1441,2024-10-01 01:00:00,1727744400000,221465.4999,0.0
1442,2024-10-01 02:00:00,1727748000000,221479.0039,0.0
1443,2024-10-01 03:00:00,1727751600000,221497.49755,0.0
1444,2024-10-01 04:00:00,1727755200000,221526.99279999998,0.0
1445,2024-10-01 05:00:00,1727758800000,221565.506,0.0
1446,2024-10-01 06:00:00,1727762400000,221605.49925000002,0.0
1447,2024-10-01 07:00:00,1727766000000,221649.00209999998,0.0
1448,2024-10-01 08:00:00,1727769600000,221695.4956,0.0
1449,2024-10-01 09:00:00,1727773200000,221737.50305,0.0
1450,2024-10-01 10:00:00,1727776800000,221785.50720000002,0.0
1451,2024-10-01 11:00:00,1727780400000,221833.4961,0.0
1452,2024-10-01 12:00:00,1727784000000,221880.0049,0.0
1453,2024-10-01 13:00:00,1727787600000,221921.00525000002,0.0
1454,2024-10-01 14:00:00,1727791200000,221958.4961,0.0
1455,2024-10-01 15:00:00,1727794800000,221991.50084999998,0.0
1456,2024-10-01 16:00:00,1727798400000,222022.5067,0.0
1457,2024-10-01 17:00:00,1727802000000,222050.00305,0.0
1458,2024-10-01 18:00:00,1727805600000,222071.50269999998,0.0
1459,2024-10-01 19:00:00,1727809200000,222087.99745,0.0
1460,2024-10-01 20:00:00,1727812800000,222104.0039,0.0
1461,2024-10-01 21:00:00,1727816400000,222120.49865,0.0
1462,2024-10-01 22:00:00,1727820000000,222137.49695,0.0
1463,2024-10-01 23:00:00,1727823600000,222154.00695,0.0
1464,2024-10-02 00:00:00,1727827200000,222169.99815,0.0
1465,2024-10-02 01:00:00,1727830800000,222186.49289999998,0.0
1466,2024-10-02 02:00:00,1727834400000,222203.00295000002,0.0
1467,2024-10-02 03:00:00,1727838000000,222222.0001,0.0
1468,2024-10-02 04:00:00,1727841600000,222243.49975000002,0.0
1469,2024-10-02 05:00:00,1727845200000,222268.49365000002,0.0
1470,2024-10-02 06:00:00,1727848800000,222302.5055,0.0
1471,2024-10-02 07:00:00,1727852400000,222339.49279999998,0.0
1472,2024-10-02 08:00:00,1727856000000,222372.49755,0.0
1473,2024-10-02 09:00:00,1727859600000,222401.99279999998,0.0
1474,2024-10-02 10:00:00,1727863200000,222434.99755,0.0
1475,2024-10-02 11:00:00,1727866800000,222469.4977,0.0
1476,2024-10-02 12:00:00,1727870400000,222503.006,0.0
1477,2024-10-02 13:00:00,1727874000000,222535.99550000002,0.0
1478,2024-10-02 14:00:00,1727877600000,222567.5049,0.0
1479,2024-10-02 15:00:00,1727881200000,222597.50365,0.0
1480,2024-10-02 16:00:00,1727884800000,222626.99889999998,0.0
1481,2024-10-02 17:00:00,1727888400000,222652.9999,0.0
1482,2024-10-02 18:00:00,1727892000000,222676.4984,0.0
1483,2024-10-02 19:00:00,1727895600000,222692.5049,0.0
1484,2024-10-02 20:00:00,1727899200000,222707.99255,0.0
1485,2024-10-02 21:00:00,1727902800000,222725.0061,0.0
1486,2024-10-02 22:00:00,1727906400000,222740.99730000002,0.0
1487,2024-10-02 23:00:00,1727910000000,222757.5073,0.0
1488,2024-10-03 00:00:00,1727913600000,222774.00209999998,0.0
1489,2024-10-03 01:00:00,1727917200000,222790.49685000003,0.0
1490,2024-10-03 02:00:00,1727920800000,222807.00685,0.0
1491,2024-10-03 03:00:00,1727924400000,222826.00405,0.0
1492,2024-10-03 04:00:00,1727928000000,222847.0001,0.0
1493,2024-10-03 05:00:00,1727931600000,222869.0033,0.0
1494,2024-10-03 06:00:00,1727935200000,222891.49474999998,0.0
1495,2024-10-03 07:00:00,1727938800000,222916.00035,0.0
1496,2024-10-03 08:00:00,1727942400000,222942.5049,0.0
1497,2024-10-03 09:00:00,1727946000000,222969.4977,0.0
1498,2024-10-03 10:00:00,1727949600000,222996.994,0.0
1499,2024-10-03 11:00:00,1727953200000,223024.9939,0.0
1500,2024-10-03 12:00:00,1727956800000,223053.49730000002,0.0
1501,2024-10-03 13:00:00,1727960400000,223079.4983,0.0
1502,2024-10-03 14:00:00,1727964000000,223106.50634999998,0.0
1503,2024-10-03 15:00:00,1727967600000,223134.00269999998,0.0
1504,2024-10-03 16:00:00,1727971200000,223158.00475,0.0
1505,2024-10-03 17:00:00,1727974800000,223180.4962,0.0
1506,2024-10-03 18:00:00,1727978400000,223199.99695,0.0
1507,2024-10-03 19:00:00,1727982000000,223212.0056,0.0
1508,2024-10-03 20:00:00,1727985600000,223221.49659999998,0.0
1509,2024-10-03 21:00:00,1727989200000,223231.0028,0.0
1510,2024-10-03 22:00:00,1727992800000,223240.49375000002,0.0
1511,2024-10-03 23:00:00,1727996400000,223250.0,0.0
1512,2024-10-04 00:00:00,1728000000000,223259.50624999998,0.0
1513,2024-10-04 01:00:00,1728003600000,223268.9972,0.0
1514,2024-10-04 02:00:00,1728007200000,223279.00695,0.0
1515,2024-10-04 03:00:00,1728010800000,223289.9933,0.0
1516,2024-10-04 04:00:00,1728014400000,223302.5055,0.0
1517,2024-10-04 05:00:00,1728018000000,223315.506,0.0
1518,2024-10-04 06:00:00,1728021600000,223331.4972,0.0
1519,2024-10-04 07:00:00,1728025200000,223348.00720000002,0.0
1520,2024-10-04 08:00:00,1728028800000,223364.50195,0.0
1521,2024-10-04 09:00:00,1728032400000,223382.5073,0.0
1522,2024-10-04 10:00:00,1728036000000,223401.50449999998,0.0
1523,2024-10-04 11:00:00,1728039600000,223420.5017,0.0
1524,2024-10-04 12:00:00,1728043200000,223440.00245,0.0
1525,2024-10-04 13:00:00,1728046800000,223456.4972,0.0
1526,2024-10-04 14:00:00,1728050400000,223472.50365,0.0
1527,2024-10-04 15:00:00,1728054000000,223490.0055,0.0
1528,2024-10-04 16:00:00,1728057600000,223505.49315,0.0
1529,2024-10-04 17:00:00,1728061200000,223520.49255,0.0
1530,2024-10-04 18:00:00,1728064800000,223534.5001,0.0
1531,2024-10-04 19:00:00,1728068400000,223548.00415,0.0
1532,2024-10-04 20:00:00,1728072000000,223561.00465,0.0
1533,2024-10-04 21:00:00,1728075600000,223573.5016,0.0
1534,2024-10-04 22:00:00,1728079200000,223585.99855,0.0
1535,2024-10-04 23:00:00,1728082800000,223598.49550000002,0.0
1536,2024-10-05 00:00:00,1728086400000,223610.99245,0.0
1537,2024-10-05 01:00:00,1728090000000,223623.50465,0.0
1538,2024-10-05 02:00:00,1728093600000,223636.50515,0.0
1539,2024-10-05 03:00:00,1728097200000,223653.50340000002,0.0
1540,2024-10-05 04:00:00,1728100800000,223677.99375000002,0.0
1541,2024-10-05 05:00:00,1728104400000,223705.99365000002,0.0
1542,2024-10-05 06:00:00,1728108000000,223742.0044,0.0
1543,2024-10-05 07:00:00,1728111600000,223782.5012,0.0
1544,2024-10-05 08:00:00,1728115200000,223825.5005,0.0
1545,2024-10-05 09:00:00,1728118800000,223865.0055,0.0
1546,2024-10-05 10:00:00,1728122400000,223910.50720000002,0.0
1547,2024-10-05 11:00:00,1728126000000,223951.99585,0.0
1548,2024-10-05 12:00:00,1728129600000,223994.50685,0.0
1549,2024-10-05 13:00:00,1728133200000,224036.49899999998,0.0
1550,2024-10-05 14:00:00,1728136800000,224072.00624999998,0.0
1551,2024-10-05 15:00:00,1728140400000,224099.50255,0.0
1552,2024-10-05 16:00:00,1728144000000,224128.9978,0.0
1553,2024-10-05 17:00:00,1728147600000,224158.99659999998,0.0
1554,2024-10-05 18:00:00,1728151200000,224183.5022,0.0
1555,2024-10-05 19:00:00,1728154800000,224197.00624999998,0.0
1556,2024-10-05 20:00:00,1728158400000,224209.50314999997,0.0
1557,2024-10-05 21:00:00,1728162000000,224222.0001,0.0
1558,2024-10-05 22:00:00,1728165600000,224235.50415,0.0
1559,2024-10-05 23:00:00,1728169200000,224248.50465,0.0
1560,2024-10-06 00:00:00,1728172800000,224261.9934,0.0
1561,2024-10-06 01:00:00,1728176400000,224274.9939,0.0
1562,2024-10-06 02:00:00,1728180000000,224288.49790000002,0.0
1563,2024-10-06 03:00:00,1728183600000,224305.4962,0.0
1564,2024-10-06 04:00:00,1728187200000,224332.50425,0.0
1565,2024-10-06 05:00:00,1728190800000,224367.0044,0.0
1566,2024-10-06 06:00:00,1728194400000,224401.50449999998,0.0
1567,2024-10-06 07:00:00,1728198000000,224444.00024999998,0.0
1568,2024-10-06 08:00:00,1728201600000,224493.49975000002,0.0
1569,2024-10-06 09:00:00,1728205200000,224533.49305,0.0
1570,2024-10-06 10:00:00,1728208800000,224578.50645,0.0
1571,2024-10-06 11:00:00,1728212400000,224625.0,0.0
1572,2024-10-06 12:00:00,1728216000000,224669.99815,0.0
1573,2024-10-06 13:00:00,1728219600000,224714.49279999998,0.0
1574,2024-10-06 14:00:00,1728223200000,224752.50245,0.0
1575,2024-10-06 15:00:00,1728226800000,224784.5001,0.0
1576,2024-10-06 16:00:00,1728230400000,224813.50710000002,0.0
1577,2024-10-06 17:00:00,1728234000000,224841.99525,0.0
1578,2024-10-06 18:00:00,1728237600000,224864.50195,0.0
1579,2024-10-06 19:00:00,1728241200000,224880.0049,0.0
1580,2024-10-06 20:00:00,1728244800000,224894.50074999998,0.0
1581,2024-10-06 21:00:00,1728248400000,224908.49305,0.0
1582,2024-10-06 22:00:00,1728252000000,224923.00415,0.0
1583,2024-10-06 23:00:00,1728255600000,224937.5,0.0
1584,2024-10-07 00:00:00,1728259200000,224951.99585,0.0
1585,2024-10-07 01:00:00,1728262800000,224966.50695,0.0
1586,2024-10-07 02:00:00,1728266400000,224981.0028,0.0
1587,2024-10-07 03:00:00,1728270000000,224996.994,0.0
1588,2024-10-07 04:00:00,1728273600000,225020.49255,0.0
1589,2024-10-07 05:00:00,1728277200000,225061.99645,0.0
1590,2024-10-07 06:00:00,1728280800000,225106.0028,0.0
1591,2024-10-07 07:00:00,1728284400000,225145.9961,0.0
1592,2024-10-07 08:00:00,1728288000000,225191.4978,0.0
1593,2024-10-07 09:00:00,1728291600000,225236.9995,0.0
1594,2024-10-07 10:00:00,1728295200000,225279.49525,0.0
1595,2024-10-07 11:00:00,1728298800000,225320.99915000002,0.0
1596,2024-10-07 12:00:00,1728302400000,225361.49595,0.0
1597,2024-10-07 13:00:00,1728306000000,225402.49635,0.0
1598,2024-10-07 14:00:00,1728309600000,225440.00245,0.0
1599,2024-10-07 15:00:00,1728313200000,225475.4944,0.0
1600,2024-10-07 16:00:00,1728316800000,225507.5073,0.0
1601,2024-10-07 17:00:00,1728320400000,225533.00475,0.0
1602,2024-10-07 18:00:00,1728324000000,225557.4951,0.0
1603,2024-10-07 19:00:00,1728327600000,225578.00295000002,0.0
1604,2024-10-07 20:00:00,1728331200000,225595.99305,0.0
1605,2024-10-07 21:00:00,1728334800000,225613.9984,0.0
1606,2024-10-07 22:00:00,1728338400000,225631.50024999998,0.0
1607,2024-10-07 23:00:00,1728342000000,225649.5056,0.0
1608,2024-10-08 00:00:00,1728345600000,225667.49575,0.0
1609,2024-10-08 01:00:00,1728349200000,225685.50110000002,0.0
1610,2024-10-08 02:00:00,1728352800000,225703.00295000002,0.0
1611,2024-10-08 03:00:00,1728356400000,225722.0001,0.0
1612,2024-10-08 04:00:00,1728360000000,225746.50575,0.0
1613,2024-10-08 05:00:00,1728363600000,225783.99659999998,0.0
1614,2024-10-08 06:00:00,1728367200000,225824.4934,0.0
1615,2024-10-08 07:00:00,1728370800000,225860.0006,0.0
1616,2024-10-08 08:00:00,1728374400000,225906.49414999998,0.0
1617,2024-10-08 09:00:00,1728378000000,225947.00624999998,0.0
1618,2024-10-08 10:00:00,1728381600000,225990.99730000002,0.0
1619,2024-10-08 11:00:00,1728385200000,226035.50720000002,0.0
1620,2024-10-08 12:00:00,1728388800000,226078.00295000002,0.0
1621,2024-10-08 13:00:00,1728392400000,226119.0033,0.0
1622,2024-10-08 14:00:00,1728396000000,226152.49635,0.0
1623,2024-10-08 15:00:00,1728399600000,226180.4962,0.0
1624,2024-10-08 16:00:00,1728403200000,226207.99255,0.0
1625,2024-10-08 17:00:00,1728406800000,226233.50525000002,0.0
1626,2024-10-08 18:00:00,1728410400000,226253.9978,0.0
1627,2024-10-08 19:00:00,1728414000000,226270.49255,0.0
1628,2024-10-08 20:00:00,1728417600000,226285.00365,0.0
1629,2024-10-08 21:00:00,1728421200000,226299.4995,0.0
1630,2024-10-08 22:00:00,1728424800000,226313.99535,0.0
1631,2024-10-08 23:00:00,1728428400000,226328.99474999998,0.0
1632,2024-10-09 00:00:00,1728432000000,226343.50585000002,0.0
1633,2024-10-09 01:00:00,1728435600000,226358.50525000002,0.0
1634,2024-10-09 02:00:00,1728439200000,226373.50465,0.0
1635,2024-10-09 03:00:00,1728442800000,226388.50405,0.0
1636,2024-10-09 04:00:00,1728446400000,226406.49414999998,0.0
1637,2024-10-09 05:00:00,1728450000000,226425.99485,0.0
1638,2024-10-09 06:00:00,1728453600000,226457.00074999998,0.0
1639,2024-10-09 07:00:00,1728457200000,226490.0055,0.0
1640,2024-10-09 08:00:00,1728460800000,226520.9961,0.0
1641,2024-10-09 09:00:00,1728464400000,226550.99485,0.0
1642,2024-10-09 10:00:00,1728468000000,226582.99255,0.0
1643,2024-10-09 11:00:00,1728471600000,226617.4927,0.0
1644,2024-10-09 12:00:00,1728475200000,226651.50449999998,0.0
1645,2024-10-09 13:00:00,1728478800000,226683.5022,0.0
1646,2024-10-09 14:00:00,1728482400000,226716.00340000002,0.0
1647,2024-10-09 15:00:00,1728486000000,226747.49755,0.0
1648,2024-10-09 16:00:00,1728489600000,226774.5056,0.0
1649,2024-10-09 17:00:00,1728493200000,226797.5006,0.0
1650,2024-10-09 18:00:00,1728496800000,226817.5049,0.0
1651,2024-10-09 19:00:00,1728500400000,226833.99965,0.0
1652,2024-10-09 20:00:00,1728504000000,226848.99899999998,0.0
1653,2024-10-09 21:00:00,1728507600000,226863.9984,0.0
1654,2024-10-09 22:00:00,1728511200000,226878.9978,0.0
1655,2024-10-09 23:00:00,1728514800000,226893.9972,0.0
1656,2024-10-10 00:00:00,1728518400000,226908.99659999998,0.0
1657,2024-10-10 01:00:00,1728522000000,226924.4995,0.0
1658,2024-10-10 02:00:00,1728525600000,226940.00245,0.0
1659,2024-10-10 03:00:00,1728529200000,226955.50535000002,0.0
1660,2024-10-10 04:00:00,1728532800000,226973.00720000002,0.0
1661,2024-10-10 05:00:00,1728536400000,226992.0044,0.0
1662,2024-10-10 06:00:00,1728540000000,227009.50624999998,0.0
1663,2024-10-10 07:00:00,1728543600000,227029.49525,0.0
1664,2024-10-10 08:00:00,1728547200000,227052.00195,0.0
1665,2024-10-10 09:00:00,1728550800000,227076.00405,0.0
1666,2024-10-10 10:00:00,1728554400000,227102.005,0.0
1667,2024-10-10 11:00:00,1728558000000,227128.9978,0.0
1668,2024-10-10 12:00:00,1728561600000,227152.9999,0.0
1669,2024-10-10 13:00:00,1728565200000,227175.99485,0.0
1670,2024-10-10 14:00:00,1728568800000,227199.99695,0.0
1671,2024-10-10 15:00:00,1728572400000,227223.00720000002,0.0
1672,2024-10-10 16:00:00,1728576000000,227247.49755,0.0
1673,2024-10-10 17:00:00,1728579600000,227270.00425,0.0
1674,2024-10-10 18:00:00,1728583200000,227287.9944,0.0
1675,2024-10-10 19:00:00,1728586800000,227297.5006,0.0
1676,2024-10-10 20:00:00,1728590400000,227305.99975000002,0.0
1677,2024-10-10 21:00:00,1728594000000,227313.99535,0.0
1678,2024-10-10 22:00:00,1728597600000,227322.4945,0.0
1679,2024-10-10 23:00:00,1728601200000,227331.4972,0.0
1680,2024-10-11 00:00:00,1728604800000,227339.99635,0.0
1681,2024-10-11 01:00:00,1728608400000,227348.49550000002,0.0
1682,2024-10-11 02:00:00,1728612000000,227356.99464999998,0.0
1683,2024-10-11 03:00:00,1728615600000,227367.9962,0.0
1684,2024-10-11 04:00:00,1728619200000,227382.9956,0.0
1685,2024-10-11 05:00:00,1728622800000,227408.49305,0.0
1686,2024-10-11 06:00:00,1728626400000,227432.99865,0.0
1687,2024-10-11 07:00:00,1728630000000,227457.00074999998,0.0
1688,2024-10-11 08:00:00,1728633600000,227472.50365,0.0
1689,2024-10-11 09:00:00,1728637200000,227482.49815,0.0
1690,2024-10-11 10:00:00,1728640800000,227493.49975000002,0.0
1691,2024-10-11 11:00:00,1728644400000,227505.49315,0.0
1692,2024-10-11 12:00:00,1728648000000,227516.9983,0.0
1693,2024-10-11 13:00:00,1728651600000,227529.49525,0.0
1694,2024-10-11 14:00:00,1728655200000,227542.49575,0.0
1695,2024-10-11 15:00:00,1728658800000,227555.99975000002,0.0
1696,2024-10-11 16:00:00,1728662400000,227569.5038,0.0
1697,2024-10-11 17:00:00,1728666000000,227581.4972,0.0
1698,2024-10-11 18:00:00,1728669600000,227592.4988,0.0
1699,2024-10-11 19:00:00,1728673200000,227600.4944,0.0
1700,2024-10-11 20:00:00,1728676800000,227608.0017,0.0
1701,2024-10-11 21:00:00,1728680400000,227615.99730000002,0.0
1702,2024-10-11 22:00:00,1728684000000,227623.99289999998,0.0
1703,2024-10-11 23:00:00,1728687600000,227631.50024999998,0.0
1704,2024-10-12 00:00:00,1728691200000,227639.9994,0.0
1705,2024-10-12 01:00:00,1728694800000,227648.49855,0.0
1706,2024-10-12 02:00:00,1728698400000,227656.00585000002,0.0
1707,2024-10-12 03:00:00,1728702000000,227667.49575,0.0
1708,2024-10-12 04:00:00,1728705600000,227690.506,0.0
1709,2024-10-12 05:00:00,1728709200000,227717.4988,0.0
1710,2024-10-12 06:00:00,1728712800000,227751.99889999998,0.0
1711,2024-10-12 07:00:00,1728716400000,227788.49790000002,0.0
1712,2024-10-12 08:00:00,1728720000000,227831.4972,0.0
1713,2024-10-12 09:00:00,1728723600000,227865.99730000002,0.0
1714,2024-10-12 10:00:00,1728727200000,227907.5012,0.0
1715,2024-10-12 11:00:00,1728730800000,227945.99915000002,0.0
1716,2024-10-12 12:00:00,1728734400000,227983.0017,0.0
1717,2024-10-12 13:00:00,1728738000000,228017.50185,0.0
1718,2024-10-12 14:00:00,1728741600000,228048.00415,0.0
1719,2024-10-12 15:00:00,1728745200000,228073.5016,0.0
1720,2024-10-12 16:00:00,1728748800000,228098.00720000002,0.0
1721,2024-10-12 17:00:00,1728752400000,228119.50685,0.0
1722,2024-10-12 18:00:00,1728756000000,228139.49585,0.0
1723,2024-10-12 19:00:00,1728759600000,228149.9939,0.0
1724,2024-10-12 20:00:00,1728763200000,228159.5001,0.0
1725,2024-10-12 21:00:00,1728766800000,228168.5028,0.0
1726,2024-10-12 22:00:00,1728770400000,228177.00195,0.0
1727,2024-10-12 23:00:00,1728774000000,228186.00465,0.0
1728,2024-10-13 00:00:00,1728777600000,228195.0073,0.0
1729,2024-10-13 01:00:00,1728781200000,228203.99474999998,0.0
1730,2024-10-13 02:00:00,1728784800000,228212.99745,0.0
1731,2024-10-13 03:00:00,1728788400000,228223.99899999998,0.0
1732,2024-10-13 04:00:00,1728792000000,228244.0033,0.0
1733,2024-10-13 05:00:00,1728795600000,228277.9999,0.0
1734,2024-10-13 06:00:00,1728799200000,228313.50710000002,0.0
1735,2024-10-13 07:00:00,1728802800000,228350.4944,0.0
1736,2024-10-13 08:00:00,1728806400000,228391.9983,0.0
1737,2024-10-13 09:00:00,1728810000000,228425.00305,0.0
1738,2024-10-13 10:00:00,1728813600000,228466.50695,0.0
1739,2024-10-13 11:00:00,1728817200000,228511.0016,0.0
1740,2024-10-13 12:00:00,1728820800000,228550.00305,0.0
1741,2024-10-13 13:00:00,1728824400000,228589.49279999998,0.0
1742,2024-10-13 14:00:00,1728828000000,228619.50685,0.0
1743,2024-10-13 15:00:00,1728831600000,228641.49474999998,0.0
1744,2024-10-13 16:00:00,1728835200000,228662.9944,0.0
1745,2024-10-13 17:00:00,1728838800000,228682.99865,0.0
1746,2024-10-13 18:00:00,1728842400000,228701.99585,0.0
1747,2024-10-13 19:00:00,1728846000000,228715.4999,0.0
1748,2024-10-13 20:00:00,1728849600000,228725.0061,0.0
1749,2024-10-13 21:00:00,1728853200000,228734.49704999998,0.0
1750,2024-10-13 22:00:00,1728856800000,228744.50685,0.0
1751,2024-10-13 23:00:00,1728860400000,228754.50135,0.0
1752,2024-10-14 00:00:00,1728864000000,228764.00755,0.0
1753,2024-10-14 01:00:00,1728867600000,228774.5056,0.0
1754,2024-10-14 02:00:00,1728871200000,228784.5001,0.0
1755,2024-10-14 03:00:00,1728874800000,228797.5006,0.0
1756,2024-10-14 04:00:00,1728878400000,228817.99315,0.0
1757,2024-10-14 05:00:00,1728882000000,228852.99685000003,0.0
1758,2024-10-14 06:00:00,1728885600000,228891.49474999998,0.0
1759,2024-10-14 07:00:00,1728889200000,228927.00195,0.0
1760,2024-10-14 08:00:00,1728892800000,228962.4939,0.0
1761,2024-10-14 09:00:00,1728896400000,228994.9951,0.0
1762,2024-10-14 10:00:00,1728900000000,229028.50340000002,0.0
1763,2024-10-14 11:00:00,1728903600000,229061.00465,0.0
1764,2024-10-14 12:00:00,1728907200000,229095.99305,0.0
1765,2024-10-14 13:00:00,1728910800000,229128.006,0.0
1766,2024-10-14 14:00:00,1728914400000,229157.5012,0.0
1767,2024-10-14 15:00:00,1728918000000,229184.494,0.0
1768,2024-10-14 16:00:00,1728921600000,229208.99965,0.0
1769,2024-10-14 17:00:00,1728925200000,229232.49815,0.0
1770,2024-10-14 18:00:00,1728928800000,229251.99889999998,0.0
1771,2024-10-14 19:00:00,1728932400000,229267.50185,0.0
1772,2024-10-14 20:00:00,1728936000000,229281.49414999998,0.0
1773,2024-10-14 21:00:00,1728939600000,229294.99815,0.0
1774,2024-10-14 22:00:00,1728943200000,229308.5022,0.0
1775,2024-10-14 23:00:00,1728946800000,229322.4945,0.0
1776,2024-10-15 00:00:00,1728950400000,229335.99855,0.0
1777,2024-10-15 01:00:00,1728954000000,229350.4944,0.0
1778,2024-10-15 02:00:00,1728957600000,229363.9984,0.0
1779,2024-10-15 03:00:00,1728961200000,229380.49315,0.0
1780,2024-10-15 04:00:00,1728964800000,229406.9977,0.0
1781,2024-10-15 05:00:00,1728968400000,229444.5038,0.0
1782,2024-10-15 06:00:00,1728972000000,229482.49815,0.0
1783,2024-10-15 07:00:00,1728975600000,229518.00535000002,0.0
1784,2024-10-15 08:00:00,1728979200000,229563.50710000002,0.0
1785,2024-10-15 09:00:00,1728982800000,229604.99575,0.0
1786,2024-10-15 10:00:00,1728986400000,229642.50185,0.0
1787,2024-10-15 11:00:00,1728990000000,229682.99865,0.0
1788,2024-10-15 12:00:00,1728993600000,229723.00720000002,0.0
1789,2024-10-15 13:00:00,1728997200000,229759.00269999998,0.0
1790,2024-10-15 14:00:00,1729000800000,229792.99925000002,0.0
1791,2024-10-15 15:00:00,1729004400000,229822.99805,0.0
1792,2024-10-15 16:00:00,1729008000000,229849.50255,0.0
1793,2024-10-15 17:00:00,1729011600000,229873.00110000002,0.0
1794,2024-10-15 18:00:00,1729015200000,229890.50295000002,0.0
1795,2024-10-15 19:00:00,1729018800000,229900.49745,0.0
1796,2024-10-15 20:00:00,1729022400000,229909.5001,0.0
1797,2024-10-15 21:00:00,1729026000000,229919.49464999998,0.0
1798,2024-10-15 22:00:00,1729029600000,229929.5044,0.0
1799,2024-10-15 23:00:00,1729033200000,229940.00245,0.0
1800,2024-10-16 00:00:00,1729036800000,229949.99695,0.0
1801,2024-10-16 01:00:00,1729040400000,229959.50314999997,0.0
1802,2024-10-16 02:00:00,1729044000000,229969.4977,0.0
1803,2024-10-16 03:00:00,1729047600000,229983.0017,0.0
1804,2024-10-16 04:00:00,1729051200000,229999.49645,0.0
1805,2024-10-16 05:00:00,1729054800000,230017.50185,0.0
1806,2024-10-16 06:00:00,1729058400000,230046.49355,0.0
1807,2024-10-16 07:00:00,1729062000000,230085.495,0.0
1808,2024-10-16 08:00:00,1729065600000,230124.49645,0.0
1809,2024-10-16 09:00:00,1729069200000,230158.00475,0.0
1810,2024-10-16 10:00:00,1729072800000,230194.5038,0.0
1811,2024-10-16 11:00:00,1729076400000,230232.49815,0.0
1812,2024-10-16 12:00:00,1729080000000,230272.5067,0.0
1813,2024-10-16 13:00:00,1729083600000,230309.00575,0.0
1814,2024-10-16 14:00:00,1729087200000,230343.99414999998,0.0
1815,2024-10-16 15:00:00,1729090800000,230376.00710000002,0.0
1816,2024-10-16 16:00:00,1729094400000,230406.49414999998,0.0
1817,2024-10-16 17:00:00,1729098000000,230436.49289999998,0.0
1818,2024-10-16 18:00:00,1729101600000,230457.50425,0.0
1819,2024-10-16 19:00:00,1729105200000,230470.0012,0.0
1820,2024-10-16 20:00:00,1729108800000,230481.99464999998,0.0
1821,2024-10-16 21:00:00,1729112400000,230494.0033,0.0
1822,2024-10-16 22:00:00,1729116000000,230505.9967,0.0
1823,2024-10-16 23:00:00,1729119600000,230517.50185,0.0
1824,2024-10-17 00:00:00,1729123200000,230529.49525,0.0
1825,2024-10-17 01:00:00,1729126800000,230541.5039,0.0
1826,2024-10-17 02:00:00,1729130400000,230553.49730000002,0.0
1827,2024-10-17 03:00:00,1729134000000,230567.99315,0.0
1828,2024-10-17 04:00:00,1729137600000,230582.00074999998,0.0
1829,2024-10-17 05:00:00,1729141200000,230598.49550000002,0.0
1830,2024-10-17 06:00:00,1729144800000,230615.99730000002,0.0
1831,2024-10-17 07:00:00,1729148400000,230632.9956,0.0
1832,2024-10-17 08:00:00,1729152000000,230651.00100000002,0.0
1833,2024-10-17 09:00:00,1729155600000,230671.00525000002,0.0
1834,2024-10-17 10:00:00,1729159200000,230692.99315,0.0
1835,2024-10-17 11:00:00,1729162800000,230715.4999,0.0
1836,2024-10-17 12:00:00,1729166400000,230738.49485,0.0
1837,2024-10-17 13:00:00,1729170000000,230761.0016,0.0
1838,2024-10-17 14:00:00,1729173600000,230782.5012,0.0
1839,2024-10-17 15:00:00,1729177200000,230800.00305,0.0
1840,2024-10-17 16:00:00,1729180800000,230815.99425,0.0
1841,2024-10-17 17:00:00,1729184400000,230831.4972,0.0
1842,2024-10-17 18:00:00,1729188000000,230846.49659999998,0.0
1843,2024-10-17 19:00:00,1729191600000,230856.50634999998,0.0
1844,2024-10-17 20:00:00,1729195200000,230865.99730000002,0.0
1845,2024-10-17 21:00:00,1729198800000,230874.49645,0.0
1846,2024-10-17 22:00:00,1729202400000,230883.49915000002,0.0
1847,2024-10-17 23:00:00,1729206000000,230893.00535000002,0.0
1848,2024-10-18 00:00:00,1729209600000,230901.99279999998,0.0
1849,2024-10-18 01:00:00,1729213200000,230910.99550000002,0.0
1850,2024-10-18 02:00:00,1729216800000,230920.5017,0.0
1851,2024-10-18 03:00:00,1729220400000,230929.5044,0.0
1852,2024-10-18 04:00:00,1729224000000,230938.50710000002,0.0
1853,2024-10-18 05:00:00,1729227600000,230945.99915000002,0.0
1854,2024-10-18 06:00:00,1729231200000,230953.99474999998,0.0
1855,2024-10-18 07:00:00,1729234800000,230961.50209999998,0.0
1856,2024-10-18 08:00:00,1729238400000,230970.99305,0.0
1857,2024-10-18 09:00:00,1729242000000,230979.99575,0.0
1858,2024-10-18 10:00:00,1729245600000,230988.0066,0.0
1859,2024-10-18 11:00:00,1729249200000,230996.994,0.0
1860,2024-10-18 12:00:00,1729252800000,231006.50024999998,0.0
1861,2024-10-18 13:00:00,1729256400000,231016.9983,0.0
1862,2024-10-18 14:00:00,1729260000000,231027.49635,0.0
1863,2024-10-18 15:00:00,1729263600000,231037.5061,0.0
1864,2024-10-18 16:00:00,1729267200000,231048.00415,0.0
1865,2024-10-18 17:00:00,1729270800000,231057.99865,0.0
1866,2024-10-18 18:00:00,1729274400000,231067.5049,0.0
1867,2024-10-18 19:00:00,1729278000000,231076.50755,0.0
1868,2024-10-18 20:00:00,1729281600000,231085.99855,0.0
1869,2024-10-18 21:00:00,1729285200000,231095.50475,0.0
1870,2024-10-18 22:00:00,1729288800000,231104.99575,0.0
1871,2024-10-18 23:00:00,1729292400000,231114.50195,0.0
1872,2024-10-19 00:00:00,1729296000000,231123.50465,0.0
1873,2024-10-19 01:00:00,1729299600000,231133.49915000002,0.0
1874,2024-10-19 02:00:00,1729303200000,231143.49365000002,0.0
1875,2024-10-19 03:00:00,1729306800000,231154.00695,0.0
1876,2024-10-19 04:00:00,1729310400000,231175.99485,0.0
1877,2024-10-19 05:00:00,1729314000000,231204.4983,0.0
1878,2024-10-19 06:00:00,1729317600000,231241.50084999998,0.0
1879,2024-10-19 07:00:00,1729321200000,231279.9988,0.0
1880,2024-10-19 08:00:00,1729324800000,231323.5016,0.0
1881,2024-10-19 09:00:00,1729328400000,231363.49485,0.0
1882,2024-10-19 10:00:00,1729332000000,231408.00475,0.0
1883,2024-10-19 11:00:00,1729335600000,231447.4945,0.0
1884,2024-10-19 12:00:00,1729339200000,231485.99245,0.0
1885,2024-10-19 13:00:00,1729342800000,231530.5023,0.0
1886,2024-10-19 14:00:00,1729346400000,231568.4967,0.0
1887,2024-10-19 15:00:00,1729350000000,231599.50255,0.0
1888,2024-10-19 16:00:00,1729353600000,231628.006,0.0
1889,2024-10-19 17:00:00,1729357200000,231651.00100000002,0.0
1890,2024-10-19 18:00:00,1729360800000,231669.49464999998,0.0
1891,2024-10-19 19:00:00,1729364400000,231680.99975000002,0.0
1892,2024-10-19 20:00:00,1729368000000,231691.4978,0.0
1893,2024-10-19 21:00:00,1729371600000,231701.50755,0.0
1894,2024-10-19 22:00:00,1729375200000,231710.99855,0.0
1895,2024-10-19 23:00:00,1729378800000,231721.49659999998,0.0
1896,2024-10-20 00:00:00,1729382400000,231731.99464999998,0.0
1897,2024-10-20 01:00:00,1729386000000,231742.4927,0.0
1898,2024-10-20 02:00:00,1729389600000,231752.50245,0.0
1899,2024-10-20 03:00:00,1729393200000,231765.50295000002,0.0
1900,2024-10-20 04:00:00,1729396800000,231789.00145,0.0
1901,2024-10-20 05:00:00,1729400400000,231819.5038,0.0
1902,2024-10-20 06:00:00,1729404000000,231861.49595,0.0
1903,2024-10-20 07:00:00,1729407600000,231901.99279999998,0.0
1904,2024-10-20 08:00:00,1729411200000,231947.00624999998,0.0
1905,2024-10-20 09:00:00,1729414800000,231983.50525000002,0.0
1906,2024-10-20 10:00:00,1729418400000,232029.49525,0.0
1907,2024-10-20 11:00:00,1729422000000,232076.99585,0.0
1908,2024-10-20 12:00:00,1729425600000,232121.994,0.0
1909,2024-10-20 13:00:00,1729429200000,232164.00145,0.0
1910,2024-10-20 14:00:00,1729432800000,232199.00515,0.0
1911,2024-10-20 15:00:00,1729436400000,232229.99575,0.0
1912,2024-10-20 16:00:00,1729440000000,232257.9956,0.0
1913,2024-10-20 17:00:00,1729443600000,232283.00475,0.0
1914,2024-10-20 18:00:00,1729447200000,232302.5055,0.0
1915,2024-10-20 19:00:00,1729450800000,232312.5,0.0
1916,2024-10-20 20:00:00,1729454400000,232320.99915000002,0.0
1917,2024-10-20 21:00:00,1729458000000,232330.00185,0.0
1918,2024-10-20 22:00:00,1729461600000,232339.00449999998,0.0
1919,2024-10-20 23:00:00,1729465200000,232348.49550000002,0.0
1920,2024-10-21 00:00:00,1729468800000,232357.49815,0.0
1921,2024-10-21 01:00:00,1729472400000,232365.99730000002,0.0
1922,2024-10-21 02:00:00,1729476000000,232375.0,0.0
1923,2024-10-21 03:00:00,1729479600000,232388.0005,0.0
1924,2024-10-21 04:00:00,1729483200000,232410.00365,0.0
1925,2024-10-21 05:00:00,1729486800000,232440.00245,0.0
1926,2024-10-21 06:00:00,1729490400000,232477.005,0.0
1927,2024-10-21 07:00:00,1729494000000,232513.0005,0.0
1928,2024-10-21 08:00:00,1729497600000,232549.4995,0.0
1929,2024-10-21 09:00:00,1729501200000,232585.99855,0.0
1930,2024-10-21 10:00:00,1729504800000,232621.994,0.0
1931,2024-10-21 11:00:00,1729508400000,232660.99550000002,0.0
1932,2024-10-21 12:00:00,1729512000000,232699.00515,0.0
1933,2024-10-21 13:00:00,1729515600000,232733.99355,0.0
1934,2024-10-21 14:00:00,1729519200000,232766.49474999998,0.0
1935,2024-10-21 15:00:00,1729522800000,232794.49464999998,0.0
1936,2024-10-21 16:00:00,1729526400000,232817.00135,0.0
1937,2024-10-21 17:00:00,1729530000000,232837.4939,0.0
1938,2024-10-21 18:00:00,1729533600000,232856.50634999998,0.0
1939,2024-10-21 19:00:00,1729537200000,232867.0044,0.0
1940,2024-10-21 20:00:00,1729540800000,232875.50355,0.0
1941,2024-10-21 21:00:00,1729544400000,232884.50624999998,0.0
1942,2024-10-21 22:00:00,1729548000000,232893.9972,0.0
1943,2024-10-21 23:00:00,1729551600000,232903.50340000002,0.0
1944,2024-10-22 00:00:00,1729555200000,232912.5061,0.0
1945,2024-10-22 01:00:00,1729558800000,232921.99704999998,0.0
1946,2024-10-22 02:00:00,1729562400000,232931.5033,0.0
1947,2024-10-22 03:00:00,1729566000000,232944.5038,0.0
1948,2024-10-22 04:00:00,1729569600000,232968.50585000002,0.0
1949,2024-10-22 05:00:00,1729573200000,233001.99889999998,0.0
1950,2024-10-22 06:00:00,1729576800000,233039.9933,0.0
1951,2024-10-22 07:00:00,1729580400000,233073.5016,0.0
1952,2024-10-22 08:00:00,1729584000000,233116.50084999998,0.0
1953,2024-10-22 09:00:00,1729587600000,233155.5023,0.0
1954,2024-10-22 10:00:00,1729591200000,233192.5049,0.0
1955,2024-10-22 11:00:00,1729594800000,233225.99790000002,0.0
1956,2024-10-22 12:00:00,1729598400000,233263.0005,0.0
1957,2024-10-22 13:00:00,1729602000000,233298.00415,0.0
1958,2024-10-22 14:00:00,1729605600000,233330.50535000002,0.0
1959,2024-10-22 15:00:00,1729609200000,233360.0006,0.0
1960,2024-10-22 16:00:00,1729612800000,233388.0005,0.0
1961,2024-10-22 17:00:00,1729616400000,233409.5001,0.0
1962,2024-10-22 18:00:00,1729620000000,233425.5066,0.0
1963,2024-10-22 19:00:00,1729623600000,233434.00575,0.0
1964,2024-10-22 20:00:00,1729627200000,233442.00135,0.0
1965,2024-10-22 21:00:00,1729630800000,233449.99695,0.0
1966,2024-10-22 22:00:00,1729634400000,233457.50425,0.0
1967,2024-10-22 23:00:00,1729638000000,233465.4999,0.0
1968,2024-10-23 00:00:00,1729641600000,233473.00720000002,0.0
1969,2024-10-23 01:00:00,1729645200000,233481.0028,0.0
1970,2024-10-23 02:00:00,1729648800000,233488.49485,0.0
1971,2024-10-23 03:00:00,1729652400000,233498.99289999998,0.0
1972,2024-10-23 04:00:00,1729656000000,233514.00755,0.0
1973,2024-10-23 05:00:00,1729659600000,233531.9977,0.0
1974,2024-10-23 06:00:00,1729663200000,233557.4951,0.0
1975,2024-10-23 07:00:00,1729666800000,233589.00449999998,0.0
1976,2024-10-23 08:00:00,1729670400000,233619.0033,0.0
1977,2024-10-23 09:00:00,1729674000000,233650.49745,0.0
1978,2024-10-23 10:00:00,1729677600000,233682.00685,0.0
1979,2024-10-23 11:00:00,1729681200000,233714.00449999998,0.0
1980,2024-10-23 12:00:00,1729684800000,233744.9951,0.0
1981,2024-10-23 13:00:00,1729688400000,233774.9939,0.0
1982,2024-10-23 14:00:00,1729692000000,233804.5044,0.0
1983,2024-10-23 15:00:00,1729695600000,233829.4983,0.0
1984,2024-10-23 16:00:00,1729699200000,233851.50145,0.0
1985,2024-10-23 17:00:00,1729702800000,233869.50685,0.0
1986,2024-10-23 18:00:00,1729706400000,233882.5073,0.0
1987,2024-10-23 19:00:00,1729710000000,233893.49365000002,0.0
1988,2024-10-23 20:00:00,1729713600000,233904.49525,0.0
1989,2024-10-23 21:00:00,1729717200000,233915.49685000003,0.0
1990,2024-10-23 22:00:00,1729720800000,233926.4984,0.0
1991,2024-10-23 23:00:00,1729724400000,233938.00355,0.0
1992,2024-10-24 00:00:00,1729728000000,233949.99695,0.0
1993,2024-10-24 01:00:00,1729731600000,233961.50209999998,0.0
1994,2024-10-24 02:00:00,1729735200000,233973.00720000002,0.0
1995,2024-10-24 03:00:00,1729738800000,233984.49704999998,0.0
1996,2024-10-24 04:00:00,1729742400000,233996.50575,0.0
1997,2024-10-24 05:00:00,1729746000000,234009.00269999998,0.0
1998,2024-10-24 06:00:00,1729749600000,234021.49965,0.0
1999,2024-10-24 07:00:00,1729753200000,234035.00365,0.0
2000,2024-10-24 08:00:00,1729756800000,234050.5066,0.0
2001,2024-10-24 09:00:00,1729760400000,234068.4967,0.0
2002,2024-10-24 10:00:00,1729764000000,234089.00449999998,0.0
2003,2024-10-24 11:00:00,1729767600000,234108.99355,0.0
2004,2024-10-24 12:00:00,1729771200000,234128.49425,0.0
2005,2024-10-24 13:00:00,1729774800000,234149.00209999998,0.0
2006,2024-10-24 14:00:00,1729778400000,234169.00634999998,0.0
2007,2024-10-24 15:00:00,1729782000000,234188.50710000002,0.0
2008,2024-10-24 16:00:00,1729785600000,234205.50535000002,0.0
2009,2024-10-24 17:00:00,1729789200000,234220.50475,0.0
2010,2024-10-24 18:00:00,1729792800000,234233.0017,0.0
2011,2024-10-24 19:00:00,1729796400000,234242.4927,0.0
2012,2024-10-24 20:00:00,1729800000000,234251.00710000002,0.0
2013,2024-10-24 21:00:00,1729803600000,234259.50624999998,0.0
2014,2024-10-24 22:00:00,1729807200000,234268.49365000002,0.0
2015,2024-10-24 23:00:00,1729810800000,234277.49635,0.0
2016,2024-10-25 00:00:00,1729814400000,234287.00255,0.0
2017,2024-10-25 01:00:00,1729818000000,234296.00525000002,0.0
2018,2024-10-25 02:00:00,1729821600000,234305.4962,0.0
2019,2024-10-25 03:00:00,1729825200000,234314.49889999998,0.0
2020,2024-10-25 04:00:00,1729828800000,234322.99805,0.0
2021,2024-10-25 05:00:00,1729832400000,234332.50425,0.0
2022,2024-10-25 06:00:00,1729836000000,234341.99525,0.0
2023,2024-10-25 07:00:00,1729839600000,234352.005,0.0
2024,2024-10-25 08:00:00,1729843200000,234361.9995,0.0
2025,2024-10-25 09:00:00,1729846800000,234371.0022,0.0
2026,2024-10-25 10:00:00,1729850400000,234380.0049,0.0
2027,2024-10-25 11:00:00,1729854000000,234389.00755,0.0
2028,2024-10-25 12:00:00,1729857600000,234398.49855,0.0
2029,2024-10-25 13:00:00,1729861200000,234410.00365,0.0
2030,2024-10-25 14:00:00,1729864800000,234421.49355,0.0
2031,2024-10-25 15:00:00,1729868400000,234433.5022,0.0
2032,2024-10-25 16:00:00,1729872000000,234445.4956,0.0
2033,2024-10-25 17:00:00,1729875600000,234455.50535000002,0.0
2034,2024-10-25 18:00:00,1729879200000,234464.49279999998,0.0
2035,2024-10-25 19:00:00,1729882800000,234473.00720000002,0.0
2036,2024-10-25 20:00:00,1729886400000,234481.50634999998,0.0
2037,2024-10-25 21:00:00,1729890000000,234490.49375000002,0.0
2038,2024-10-25 22:00:00,1729893600000,234498.99289999998,0.0
2039,2024-10-25 23:00:00,1729897200000,234507.5073,0.0
2040,2024-10-26 00:00:00,1729900800000,234516.00645,0.0
2041,2024-10-26 01:00:00,1729904400000,234524.5056,0.0
2042,2024-10-26 02:00:00,1729908000000,234532.5012,0.0
2043,2024-10-26 03:00:00,1729911600000,234544.49464999998,0.0
2044,2024-10-26 04:00:00,1729915200000,234567.99315,0.0
2045,2024-10-26 05:00:00,1729918800000,234602.005,0.0
2046,2024-10-26 06:00:00,1729922400000,234639.00755,0.0
2047,2024-10-26 07:00:00,1729926000000,234677.5055,0.0
2048,2024-10-26 08:00:00,1729929600000,234718.99414999998,0.0
2049,2024-10-26 09:00:00,1729933200000,234757.5073,0.0
2050,2024-10-26 10:00:00,1729936800000,234800.99485,0.0
2051,2024-10-26 11:00:00,1729940400000,234839.49279999998,0.0
2052,2024-10-26 12:00:00,1729944000000,234876.49535,0.0
2053,2024-10-26 13:00:00,1729947600000,234912.00255,0.0
2054,2024-10-26 14:00:00,1729951200000,234940.506,0.0
2055,2024-10-26 15:00:00,1729954800000,234968.0023,0.0
2056,2024-10-26 16:00:00,1729958400000,234994.9951,0.0
2057,2024-10-26 17:00:00,1729962000000,235018.9972,0.0
2058,2024-10-26 18:00:00,1729965600000,235039.9933,0.0
2059,2024-10-26 19:00:00,1729969200000,235054.00084999998,0.0
2060,2024-10-26 20:00:00,1729972800000,235068.4967,0.0
2061,2024-10-26 21:00:00,1729976400000,235082.99255,0.0
2062,2024-10-26 22:00:00,1729980000000,235097.50365,0.0
2063,2024-10-26 23:00:00,1729983600000,235111.9995,0.0
2064,2024-10-27 00:00:00,1729987200000,235126.00710000002,0.0
2065,2024-10-27 01:00:00,1729990800000,235139.9994,0.0
2066,2024-10-27 02:00:00,1729994400000,235154.00695,0.0
2067,2024-10-27 03:00:00,1729998000000,235170.5017,0.0
2068,2024-10-27 04:00:00,1730001600000,235192.5049,0.0
2069,2024-10-27 05:00:00,1730005200000,235223.00720000002,0.0
2070,2024-10-27 06:00:00,1730008800000,235253.49425,0.0
2071,2024-10-27 07:00:00,1730012400000,235289.00145,0.0
2072,2024-10-27 08:00:00,1730016000000,235324.99695,0.0
2073,2024-10-27 09:00:00,1730019600000,235356.99464999998,0.0
2074,2024-10-27 10:00:00,1730023200000,235393.00535000002,0.0
2075,2024-10-27 11:00:00,1730026800000,235432.00685,0.0
2076,2024-10-27 12:00:00,1730030400000,235466.50695,0.0
2077,2024-10-27 13:00:00,1730034000000,235501.49535,0.0
2078,2024-10-27 14:00:00,1730037600000,235531.9977,0.0
2079,2024-10-27 15:00:00,1730041200000,235557.00685,0.0
2080,2024-10-27 16:00:00,1730044800000,235578.99474999998,0.0
2081,2024-10-27 17:00:00,1730048400000,235602.005,0.0
2082,2024-10-27 18:00:00,1730052000000,235621.50575,0.0
2083,2024-10-27 19:00:00,1730055600000,235634.00269999998,0.0
2084,2024-10-27 20:00:00,1730059200000,235645.49255,0.0
2085,2024-10-27 21:00:00,1730062800000,235656.49414999998,0.0
2086,2024-10-27 22:00:00,1730066400000,235667.00745,0.0
2087,2024-10-27 23:00:00,1730070000000,235677.99375000002,0.0
2088,2024-10-28 00:00:00,1730073600000,235688.50710000002,0.0
2089,2024-10-28 01:00:00,1730077200000,235699.4934,0.0
2090,2024-10-28 02:00:00,1730080800000,235710.495,0.0
2091,2024-10-28 03:00:00,1730084400000,235722.50365,0.0
2092,2024-10-28 04:00:00,1730088000000,235740.0055,0.0
2093,2024-10-28 05:00:00,1730091600000,235766.00645,0.0
2094,2024-10-28 06:00:00,1730095200000,235804.9927,0.0
2095,2024-10-28 07:00:00,1730098800000,235842.4988,0.0
2096,2024-10-28 08:00:00,1730102400000,235883.49915000002,0.0
2097,2024-10-28 09:00:00,1730106000000,235917.99925000002,0.0
2098,2024-10-28 10:00:00,1730109600000,235955.50535000002,0.0
2099,2024-10-28 11:00:00,1730113200000,235992.4927,0.0
2100,2024-10-28 12:00:00,1730116800000,236028.50340000002,0.0
2101,2024-10-28 13:00:00,1730120400000,236059.99755,0.0
2102,2024-10-28 14:00:00,1730124000000,236089.49279999998,0.0
2103,2024-10-28 15:00:00,1730127600000,236117.4927,0.0
2104,2024-10-28 16:00:00,1730131200000,236144.50074999998,0.0
2105,2024-10-28 17:00:00,1730134800000,236170.5017,0.0
2106,2024-10-28 18:00:00,1730138400000,236190.506,0.0
2107,2024-10-28 19:00:00,1730142000000,236204.4983,0.0
2108,2024-10-28 20:00:00,1730145600000,236217.4988,0.0
2109,2024-10-28 21:00:00,1730149200000,236229.99575,0.0
2110,2024-10-28 22:00:00,1730152800000,236244.0033,0.0
2111,2024-10-28 23:00:00,1730156400000,236257.0038,0.0
2112,2024-10-29 00:00:00,1730160000000,236270.00425,0.0
2113,2024-10-29 01:00:00,1730163600000,236283.49305,0.0
2114,2024-10-29 02:00:00,1730167200000,236296.49355,0.0
2115,2024-10-29 03:00:00,1730170800000,236314.49889999998,0.0
2116,2024-10-29 04:00:00,1730174400000,236343.50585000002,0.0
2117,2024-10-29 05:00:00,1730178000000,236379.50135,0.0
2118,2024-10-29 06:00:00,1730181600000,236415.49685000003,0.0
2119,2024-10-29 07:00:00,1730185200000,236453.50645,0.0
2120,2024-10-29 08:00:00,1730188800000,236498.00110000002,0.0
2121,2024-10-29 09:00:00,1730192400000,236535.00365,0.0
2122,2024-10-29 10:00:00,1730196000000,236578.50645,0.0
2123,2024-10-29 11:00:00,1730199600000,236622.49755,0.0
2124,2024-10-29 12:00:00,1730203200000,236663.49790000002,0.0
2125,2024-10-29 13:00:00,1730206800000,236703.50645,0.0
2126,2024-10-29 14:00:00,1730210400000,236736.9995,0.0
2127,2024-10-29 15:00:00,1730214000000,236768.00535000002,0.0
2128,2024-10-29 16:00:00,1730217600000,236796.00525000002,0.0
2129,2024-10-29 17:00:00,1730221200000,236824.00515,0.0
2130,2024-10-29 18:00:00,1730224800000,236847.50365,0.0
2131,2024-10-29 19:00:00,1730228400000,236861.9995,0.0
2132,2024-10-29 20:00:00,1730232000000,236876.99889999998,0.0
2133,2024-10-29 21:00:00,1730235600000,236891.00645,0.0
2134,2024-10-29 22:00:00,1730239200000,236906.00585000002,0.0
2135,2024-10-29 23:00:00,1730242800000,236920.5017,0.0
2136,2024-10-30 00:00:00,1730246400000,236934.99755,0.0
2137,2024-10-30 01:00:00,1730250000000,236949.4934,0.0
2138,2024-10-30 02:00:00,1730253600000,236964.00449999998,0.0
2139,2024-10-30 03:00:00,1730257200000,236979.50745,0.0
2140,2024-10-30 04:00:00,1730260800000,236997.49755,0.0
2141,2024-10-30 05:00:00,1730264400000,237018.9972,0.0
2142,2024-10-30 06:00:00,1730268000000,237048.00415,0.0
2143,2024-10-30 07:00:00,1730271600000,237082.99255,0.0
2144,2024-10-30 08:00:00,1730275200000,237113.49485,0.0
2145,2024-10-30 09:00:00,1730278800000,237143.00535000002,0.0
2146,2024-10-30 10:00:00,1730282400000,237175.5066,0.0
2147,2024-10-30 11:00:00,1730286000000,237207.99255,0.0
2148,2024-10-30 12:00:00,1730289600000,237242.0044,0.0
2149,2024-10-30 13:00:00,1730293200000,237269.50074999998,0.0
2150,2024-10-30 14:00:00,1730296800000,237296.49355,0.0
2151,2024-10-30 15:00:00,1730300400000,237322.00624999998,0.0
2152,2024-10-30 16:00:00,1730304000000,237345.99305,0.0
2153,2024-10-30 17:00:00,1730307600000,237372.49755,0.0
2154,2024-10-30 18:00:00,1730311200000,237389.49585,0.0
2155,2024-10-30 19:00:00,1730314800000,237397.5067,0.0
2156,2024-10-30 20:00:00,1730318400000,237405.5023,0.0
2157,2024-10-30 21:00:00,1730322000000,237412.5061,0.0
2158,2024-10-30 22:00:00,1730325600000,237419.99815,0.0
2159,2024-10-30 23:00:00,1730329200000,237427.99375000002,0.0
2160,2024-10-31 00:00:00,1730332800000,237435.50110000002,0.0
2161,2024-10-31 01:00:00,1730336400000,237443.4967,0.0
2162,2024-10-31 02:00:00,1730340000000,237451.00405,0.0
2163,2024-10-31 03:00:00,1730343600000,237460.0067,0.0
2164,2024-10-31 04:00:00,1730347200000,237472.50365,0.0
2165,2024-10-31 05:00:00,1730350800000,237491.50084999998,0.0
2166,2024-10-31 06:00:00,1730354400000,237512.49695,0.0
2167,2024-10-31 07:00:00,1730358000000,237533.49305,0.0
2168,2024-10-31 08:00:00,1730361600000,237554.00084999998,0.0
2169,2024-10-31 09:00:00,1730365200000,237574.00515,0.0
2170,2024-10-31 10:00:00,1730368800000,237597.50365,0.0
2171,2024-10-31 11:00:00,1730372400000,237621.0022,0.0
2172,2024-10-31 12:00:00,1730376000000,237647.995,0.0
2173,2024-10-31 13:00:00,1730379600000,237671.49355,0.0
2174,2024-10-31 14:00:00,1730383200000,237695.4956,0.0
2175,2024-10-31 15:00:00,1730386800000,237720.50475,0.0
2176,2024-10-31 16:00:00,1730390400000,237740.99730000002,0.0
2177,2024-10-31 17:00:00,1730394000000,237759.9945,0.0
2178,2024-10-31 18:00:00,1730397600000,237775.49745,0.0
2179,2024-10-31 19:00:00,1730401200000,237789.00145,0.0
2180,2024-10-31 20:00:00,1730404800000,237800.99485,0.0
2181,2024-10-31 21:00:00,1730408400000,237812.5,0.0
2182,2024-10-31 22:00:00,1730412000000,237823.5016,0.0
2183,2024-10-31 23:00:00,1730415600000,237835.495,0.0
2184,2024-11-01 00:00:00,1730419200000,237847.0001,0.0
2185,2024-11-01 01:00:00,1730422800000,237858.0017,0.0
2186,2024-11-01 02:00:00,1730426400000,237869.50685,0.0
2187,2024-11-01 03:00:00,1730430000000,237880.9967,0.0
2188,2024-11-01 04:00:00,1730433600000,237891.9983,0.0
2189,2024-11-01 05:00:00,1730437200000,237902.9999,0.0
2190,2024-11-01 06:00:00,1730440800000,237914.9933,0.0
2191,2024-11-01 07:00:00,1730444400000,237929.00084999998,0.0
2192,2024-11-01 08:00:00,1730448000000,237943.4967,0.0
2193,2024-11-01 09:00:00,1730451600000,237960.0067,0.0
2194,2024-11-01 10:00:00,1730455200000,237979.99575,0.0
2195,2024-11-01 11:00:00,1730458800000,237998.99289999998,0.0
2196,2024-11-01 12:00:00,1730462400000,238016.9983,0.0
2197,2024-11-01 13:00:00,1730466000000,238033.00475,0.0
2198,2024-11-01 14:00:00,1730469600000,238050.5066,0.0
2199,2024-11-01 15:00:00,1730473200000,238067.5049,0.0
2200,2024-11-01 16:00:00,1730476800000,238082.99255,0.0
2201,2024-11-01 17:00:00,1730480400000,238096.49659999998,0.0
2202,2024-11-01 18:00:00,1730484000000,238108.50525000002,0.0
2203,2024-11-01 19:00:00,1730487600000,238120.49865,0.0
2204,2024-11-01 20:00:00,1730491200000,238132.5073,0.0
2205,2024-11-01 21:00:00,1730494800000,238145.00425,0.0
2206,2024-11-01 22:00:00,1730498400000,238157.5012,0.0
2207,2024-11-01 23:00:00,1730502000000,238169.99815,0.0
2208,2024-11-02 00:00:00,1730505600000,238182.4951,0.0
2209,2024-11-02 01:00:00,1730509200000,238195.4956,0.0
2210,2024-11-02 02:00:00,1730512800000,238207.99255,0.0
2211,2024-11-02 03:00:00,1730516400000,238223.00720000002,0.0
2212,2024-11-02 04:00:00,1730520000000,238244.50685,0.0
2213,2024-11-02 05:00:00,1730523600000,238276.50449999998,0.0
2214,2024-11-02 06:00:00,1730527200000,238311.49289999998,0.0
2215,2024-11-02 07:00:00,1730530800000,238345.50475,0.0
2216,2024-11-02 08:00:00,1730534400000,238386.50515,0.0
2217,2024-11-02 09:00:00,1730538000000,238420.5017,0.0
2218,2024-11-02 10:00:00,1730541600000,238457.99255,0.0
2219,2024-11-02 11:00:00,1730545200000,238497.49755,0.0
2220,2024-11-02 12:00:00,1730548800000,238531.00585000002,0.0
2221,2024-11-02 13:00:00,1730552400000,238567.00135,0.0
2222,2024-11-02 14:00:00,1730556000000,238600.4944,0.0
2223,2024-11-02 15:00:00,1730559600000,238624.49645,0.0
2224,2024-11-02 16:00:00,1730563200000,238647.995,0.0
2225,2024-11-02 17:00:00,1730566800000,238667.49575,0.0
2226,2024-11-02 18:00:00,1730570400000,238682.99865,0.0
2227,2024-11-02 19:00:00,1730574000000,238692.00135,0.0
2228,2024-11-02 20:00:00,1730577600000,238699.99695,0.0
2229,2024-11-02 21:00:00,1730581200000,238707.99255,0.0
2230,2024-11-02 22:00:00,1730584800000,238716.00340000002,0.0
2231,2024-11-02 23:00:00,1730588400000,238724.50255,0.0
2232,2024-11-03 00:00:00,1730592000000,238733.0017,0.0
2233,2024-11-03 01:00:00,1730595600000,238740.99730000002,0.0
2234,2024-11-03 02:00:00,1730599200000,238749.49645,0.0
2235,2024-11-03 03:00:00,1730602800000,238761.0016,0.0
2236,2024-11-03 04:00:00,1730606400000,238781.49414999998,0.0
2237,2024-11-03 05:00:00,1730610000000,238813.50710000002,0.0
2238,2024-11-03 06:00:00,1730613600000,238851.50145,0.0
2239,2024-11-03 07:00:00,1730617200000,238893.9972,0.0
2240,2024-11-03 08:00:00,1730620800000,238938.50710000002,0.0
2241,2024-11-03 09:00:00,1730624400000,238975.4944,0.0
2242,2024-11-03 10:00:00,1730628000000,239021.49965,0.0
2243,2024-11-03 11:00:00,1730631600000,239070.99915000002,0.0
2244,2024-11-03 12:00:00,1730635200000,239113.0066,0.0
2245,2024-11-03 13:00:00,1730638800000,239145.00425,0.0
2246,2024-11-03 14:00:00,1730642400000,239171.99704999998,0.0
2247,2024-11-03 15:00:00,1730646000000,239194.00024999998,0.0
2248,2024-11-03 16:00:00,1730649600000,239214.99635,0.0
2249,2024-11-03 17:00:00,1730653200000,239233.99355,0.0
2250,2024-11-03 18:00:00,1730656800000,239251.00710000002,0.0
2251,2024-11-03 19:00:00,1730660400000,239259.50624999998,0.0
2252,2024-11-03 20:00:00,1730664000000,239266.9983,0.0
2253,2024-11-03 21:00:00,1730667600000,239274.5056,0.0
2254,2024-11-03 22:00:00,1730671200000,239281.9977,0.0
2255,2024-11-03 23:00:00,1730674800000,239289.00145,0.0
2256,2024-11-04 00:00:00,1730678400000,239296.49355,0.0
2257,2024-11-04 01:00:00,1730682000000,239304.00084999998,0.0
2258,2024-11-04 02:00:00,1730685600000,239311.49289999998,0.0
2259,2024-11-04 03:00:00,1730689200000,239320.4956,0.0
2260,2024-11-04 04:00:00,1730692800000,239342.4988,0.0
2261,2024-11-04 05:00:00,1730696400000,239377.50245,0.0
2262,2024-11-04 06:00:00,1730700000000,239411.49899999998,0.0
2263,2024-11-04 07:00:00,1730703600000,239451.50755,0.0
2264,2024-11-04 08:00:00,1730707200000,239501.00710000002,0.0
2265,2024-11-04 09:00:00,1730710800000,239539.505,0.0
2266,2024-11-04 10:00:00,1730714400000,239575.5005,0.0
2267,2024-11-04 11:00:00,1730718000000,239610.50415,0.0
2268,2024-11-04 12:00:00,1730721600000,239643.9972,0.0
2269,2024-11-04 13:00:00,1730725200000,239678.49730000002,0.0
2270,2024-11-04 14:00:00,1730728800000,239708.99965,0.0
2271,2024-11-04 15:00:00,1730732400000,239739.50195,0.0
2272,2024-11-04 16:00:00,1730736000000,239764.9994,0.0
2273,2024-11-04 17:00:00,1730739600000,239784.5001,0.0
2274,2024-11-04 18:00:00,1730743200000,239800.99485,0.0
2275,2024-11-04 19:00:00,1730746800000,239808.5022,0.0
2276,2024-11-04 20:00:00,1730750400000,239814.49889999998,0.0
2277,2024-11-04 21:00:00,1730754000000,239820.99915000002,0.0
2278,2024-11-04 22:00:00,1730757600000,239827.4994,0.0
2279,2024-11-04 23:00:00,1730761200000,239833.4961,0.0
2280,2024-11-05 00:00:00,1730764800000,239839.99635,0.0
2281,2024-11-05 01:00:00,1730768400000,239846.49659999998,0.0
2282,2024-11-05 02:00:00,1730772000000,239852.4933,0.0
2283,2024-11-05 03:00:00,1730775600000,239861.9995,0.0
2284,2024-11-05 04:00:00,1730779200000,239881.50024999998,0.0
2285,2024-11-05 05:00:00,1730782800000,239912.5061,0.0
2286,2024-11-05 06:00:00,1730786400000,239938.50710000002,0.0
2287,2024-11-05 07:00:00,1730790000000,239970.0012,0.0
2288,2024-11-05 08:00:00,1730793600000,240009.50624999998,0.0
2289,2024-11-05 09:00:00,1730797200000,240042.49575,0.0
2290,2024-11-05 10:00:00,1730800800000,240076.99585,0.0
2291,2024-11-05 11:00:00,1730804400000,240104.99575,0.0
2292,2024-11-05 12:00:00,1730808000000,240134.9945,0.0
2293,2024-11-05 13:00:00,1730811600000,240165.49685000003,0.0
2294,2024-11-05 14:00:00,1730815200000,240192.99315,0.0
2295,2024-11-05 15:00:00,1730818800000,240214.49279999998,0.0
2296,2024-11-05 16:00:00,1730822400000,240234.49704999998,0.0
2297,2024-11-05 17:00:00,1730826000000,240253.9978,0.0
2298,2024-11-05 18:00:00,1730829600000,240270.49255,0.0
2299,2024-11-05 19:00:00,1730833200000,240284.5001,0.0
2300,2024-11-05 20:00:00,1730836800000,240295.5017,0.0
2301,2024-11-05 21:00:00,1730840400000,240307.4951,0.0
2302,2024-11-05 22:00:00,1730844000000,240318.4967,0.0
2303,2024-11-05 23:00:00,1730847600000,240329.4983,0.0
2304,2024-11-06 00:00:00,1730851200000,240339.99635,0.0
2305,2024-11-06 01:00:00,1730854800000,240350.99790000002,0.0
2306,2024-11-06 02:00:00,1730858400000,240362.50305,0.0
2307,2024-11-06 03:00:00,1730862000000,240375.0,0.0
2308,2024-11-06 04:00:00,1730865600000,240391.49474999998,0.0
2309,2024-11-06 05:00:00,1730869200000,240414.9933,0.0
2310,2024-11-06 06:00:00,1730872800000,240447.4945,0.0
2311,2024-11-06 07:00:00,1730876400000,240482.49815,0.0
2312,2024-11-06 08:00:00,1730880000000,240516.49474999998,0.0
2313,2024-11-06 09:00:00,1730883600000,240546.99704999998,0.0
2314,2024-11-06 10:00:00,1730887200000,240580.50535000002,0.0
2315,2024-11-06 11:00:00,1730890800000,240615.0055,0.0
2316,2024-11-06 12:00:00,1730894400000,240647.5067,0.0
2317,2024-11-06 13:00:00,1730898000000,240680.4962,0.0
2318,2024-11-06 14:00:00,1730901600000,240710.495,0.0
2319,2024-11-06 15:00:00,1730905200000,240736.49595,0.0
2320,2024-11-06 16:00:00,1730908800000,240762.49695,0.0
2321,2024-11-06 17:00:00,1730912400000,240787.9944,0.0
2322,2024-11-06 18:00:00,1730916000000,240805.4962,0.0
2323,2024-11-06 19:00:00,1730919600000,240817.99315,0.0
2324,2024-11-06 20:00:00,1730923200000,240830.99365000002,0.0
2325,2024-11-06 21:00:00,1730926800000,240844.4977,0.0
2326,2024-11-06 22:00:00,1730930400000,240857.49815,0.0
2327,2024-11-06 23:00:00,1730934000000,240871.0022,0.0
2328,2024-11-07 00:00:00,1730937600000,240884.00269999998,0.0
2329,2024-11-07 01:00:00,1730941200000,240897.5067,0.0
2330,2024-11-07 02:00:00,1730944800000,240910.99550000002,0.0
2331,2024-11-07 03:00:00,1730948400000,240925.00305,0.0
2332,2024-11-07 04:00:00,1730952000000,240945.4956,0.0
2333,2024-11-07 05:00:00,1730955600000,240971.49659999998,0.0
2334,2024-11-07 06:00:00,1730959200000,241001.00710000002,0.0
2335,2024-11-07 07:00:00,1730962800000,241029.49525,0.0
2336,2024-11-07 08:00:00,1730966400000,241063.00355,0.0
2337,2024-11-07 09:00:00,1730970000000,241085.495,0.0
2338,2024-11-07 10:00:00,1730973600000,241106.50634999998,0.0
2339,2024-11-07 11:00:00,1730977200000,241126.99889999998,0.0
2340,2024-11-07 12:00:00,1730980800000,241146.49965,0.0
2341,2024-11-07 13:00:00,1730984400000,241167.00745,0.0
2342,2024-11-07 14:00:00,1730988000000,241189.49889999998,0.0
2343,2024-11-07 15:00:00,1730991600000,241212.99745,0.0
2344,2024-11-07 16:00:00,1730995200000,241235.50415,0.0
2345,2024-11-07 17:00:00,1730998800000,241256.50024999998,0.0
2346,2024-11-07 18:00:00,1731002400000,241272.995,0.0
2347,2024-11-07 19:00:00,1731006000000,241283.00475,0.0
2348,2024-11-07 20:00:00,1731009600000,241292.00745,0.0
2349,2024-11-07 21:00:00,1731013200000,241300.99485,0.0
2350,2024-11-07 22:00:00,1731016800000,241310.50110000002,0.0
2351,2024-11-07 23:00:00,1731020400000,241319.5038,0.0
2352,2024-11-08 00:00:00,1731024000000,241328.50645,0.0
2353,2024-11-08 01:00:00,1731027600000,241337.99745,0.0
2354,2024-11-08 02:00:00,1731031200000,241347.50365,0.0
2355,2024-11-08 03:00:00,1731034800000,241359.49704999998,0.0
2356,2024-11-08 04:00:00,1731038400000,241376.99889999998,0.0
2357,2024-11-08 05:00:00,1731042000000,241400.49745,0.0
2358,2024-11-08 06:00:00,1731045600000,241423.99595,0.0
2359,2024-11-08 07:00:00,1731049200000,241447.00624999998,0.0
2360,2024-11-08 08:00:00,1731052800000,241457.00074999998,0.0
2361,2024-11-08 09:00:00,1731056400000,241467.4988,0.0
2362,2024-11-08 10:00:00,1731060000000,241477.99685000003,0.0
2363,2024-11-08 11:00:00,1731063600000,241488.0066,0.0
2364,2024-11-08 12:00:00,1731067200000,241499.49645,0.0
2365,2024-11-08 13:00:00,1731070800000,241511.50515,0.0
2366,2024-11-08 14:00:00,1731074400000,241524.00209999998,0.0
2367,2024-11-08 15:00:00,1731078000000,241537.00255,0.0
2368,2024-11-08 16:00:00,1731081600000,241549.4995,0.0
2369,2024-11-08 17:00:00,1731085200000,241561.00465,0.0
2370,2024-11-08 18:00:00,1731088800000,241571.50269999998,0.0
2371,2024-11-08 19:00:00,1731092400000,241578.00295000002,0.0
2372,2024-11-08 20:00:00,1731096000000,241583.99965,0.0
2373,2024-11-08 21:00:00,1731099600000,241590.4999,0.0
2374,2024-11-08 22:00:00,1731103200000,241596.49659999998,0.0
2375,2024-11-08 23:00:00,1731106800000,241602.4933,0.0
2376,2024-11-09 00:00:00,1731110400000,241608.99355,0.0
2377,2024-11-09 01:00:00,1731114000000,241615.0055,0.0
2378,2024-11-09 02:00:00,1731117600000,241621.50575,0.0
2379,2024-11-09 03:00:00,1731121200000,241632.0038,0.0
2380,2024-11-09 04:00:00,1731124800000,241651.50449999998,0.0
2381,2024-11-09 05:00:00,1731128400000,241679.5044,0.0
2382,2024-11-09 06:00:00,1731132000000,241713.50100000002,0.0
2383,2024-11-09 07:00:00,1731135600000,241747.49755,0.0
2384,2024-11-09 08:00:00,1731139200000,241784.5001,0.0
2385,2024-11-09 09:00:00,1731142800000,241817.99315,0.0
2386,2024-11-09 10:00:00,1731146400000,241856.50634999998,0.0
2387,2024-11-09 11:00:00,1731150000000,241895.00425,0.0
2388,2024-11-09 12:00:00,1731153600000,241925.99485,0.0
2389,2024-11-09 13:00:00,1731157200000,241958.4961,0.0
2390,2024-11-09 14:00:00,1731160800000,241987.50305,0.0
2391,2024-11-09 15:00:00,1731164400000,242011.0016,0.0
2392,2024-11-09 16:00:00,1731168000000,242033.00475,0.0
2393,2024-11-09 17:00:00,1731171600000,242052.5055,0.0
2394,2024-11-09 18:00:00,1731175200000,242067.00135,0.0
2395,2024-11-09 19:00:00,1731178800000,242075.5005,0.0
2396,2024-11-09 20:00:00,1731182400000,242082.50425,0.0
2397,2024-11-09 21:00:00,1731186000000,242089.00449999998,0.0
2398,2024-11-09 22:00:00,1731189600000,242095.50475,0.0
2399,2024-11-09 23:00:00,1731193200000,242102.4933,0.0
2400,2024-11-10 00:00:00,1731196800000,242108.99355,0.0
2401,2024-11-10 01:00:00,1731200400000,242115.99730000002,0.0
2402,2024-11-10 02:00:00,1731204000000,242122.49755,0.0
2403,2024-11-10 03:00:00,1731207600000,242132.0038,0.0
2404,2024-11-10 04:00:00,1731211200000,242151.50449999998,0.0
2405,2024-11-10 05:00:00,1731214800000,242182.00685,0.0
2406,2024-11-10 06:00:00,1731218400000,242220.0012,0.0
2407,2024-11-10 07:00:00,1731222000000,242257.5073,0.0
2408,2024-11-10 08:00:00,1731225600000,242292.99925000002,0.0
2409,2024-11-10 09:00:00,1731229200000,242325.5005,0.0
2410,2024-11-10 06:00:00,1731218400000.0,242220.0012,0.0
2411,2024-11-10 07:00:00,1731222000000.0,242257.5073,37.506099999998696
2412,2024-11-10 08:00:00,1731225600000.0,242292.99925000002,35.4919500000251
2413,2024-11-10 09:00:00,1731229200000.0,242325.5005,32.50124999997206
2414,2024-11-10 10:00:00,1731232800000.0,242365.49375000002,39.99325000002864
2415,2024-11-10 11:00:00,1731236400000.0,242401.99279999998,36.49904999995488
2416,2024-11-10 12:00:00,1731240000000.0,242438.99535,37.00255000003381
2417,2024-11-10 13:00:00,1731243600000.0,242470.0012,31.005849999986822
2418,2024-11-10 14:00:00,1731247200000.0,242492.9962,22.994999999995343
2419,2024-11-10 15:00:00,1731250800000.0,242515.50295000002,22.50675000002957
2420,2024-11-10 16:00:00,1731254400000.0,242537.00255,21.499599999981
2421,2024-11-10 17:00:00,1731258000000.0,242557.99865,20.996099999989383
2422,2024-11-10 18:00:00,1731261600000.0,242576.00405,18.00539999999455
2423,2024-11-10 19:00:00,1731265200000.0,242585.0067,9.002650000009453
2424,2024-11-10 20:00:00,1731268800000.0,242592.4988,7.49210000000312
2425,2024-11-10 21:00:00,1731272400000.0,242600.0061,7.507299999997485
2426,2024-11-10 22:00:00,1731276000000.0,242607.49815,7.492050000000745
2427,2024-11-10 23:00:00,1731279600000.0,242615.0055,7.50734999999986
2428,2024-11-11 00:00:00,1731283200000.0,242622.49755,7.492050000000745
2429,2024-11-11 01:00:00,1731286800000.0,242630.0049,7.50734999999986
2430,2024-11-11 02:00:00,1731290400000.0,242637.49695,7.492050000000745
2431,2024-11-11 03:00:00,1731294000000.0,242649.00209999998,11.505149999982677
2432,2024-11-11 04:00:00,1731297600000.0,242667.49575,18.493650000018533
2433,2024-11-11 05:00:00,1731301200000.0,242697.99805,30.50229999999283
2434,2024-11-11 06:00:00,1731304800000.0,242732.49815,34.50010000000475
2435,2024-11-11 07:00:00,1731308400000.0,242764.9994,32.501250000001164
2436,2024-11-11 08:00:00,1731312000000.0,242805.99975000002,41.000350000016624
2437,2024-11-11 09:00:00,1731315600000.0,242809.99755,3.997799999982817
